protein,organism,ref,abbrv,chains,Ala,Cys,Asp,Glu,Phe,Gly,His,Ile,Lys,Leu,Met,Asn,Pro,Gln,Arg,Ser,Thr,Val,Trp,Tyr
tr|A0B9K9,METTP,NA,A0B9K9,1,45,3,24,32,10,39,10,19,16,30,14,10,15,8,29,15,20,39,4,8
tr|A1RZJ5,THEPD,NA,A1RZJ5,1,44,1,22,36,16,43,11,23,27,34,12,6,27,10,28,17,18,43,6,19
tr|A3DND9,STAMF,NA,A3DND9,1,36,1,25,33,16,41,14,32,33,36,12,10,26,5,26,17,18,33,6,23
tr|A8F7V4,THELT,NA,A8F7V4,1,25,4,15,26,25,30,9,35,24,31,8,21,18,13,15,25,18,23,0,11
tr|B9KXE5,THERP,NA,B9KXE5,1,50,6,21,26,16,35,12,29,6,40,12,11,24,11,36,18,20,24,6,15
tr|F8IID7,ALIAT,NA,F8IID7,1,51,2,24,28,12,44,10,17,12,42,8,6,23,9,33,12,14,37,3,13
tr|F9ZLP0,ACICS,NA,F9ZLP0,1,47,6,32,32,23,45,17,21,22,38,12,17,20,7,32,17,23,35,10,16
tr|G8LZL2,CLOCD,NA,G8LZL2,1,26,6,16,33,25,38,6,26,26,42,10,19,19,4,18,32,11,20,0,11
tr|G9FID8,9EUKA,NA,G9FID8,1,48,11,33,25,19,44,10,26,24,43,18,16,19,13,27,22,29,33,7,21
tr|K4MAK9,9EURY,NA,K4MAK9,1,41,6,31,26,22,42,13,22,34,39,19,20,22,17,17,22,22,39,7,18
tr|L0RHZ1,9DELT,NA,L0RHZ1,1,52,5,31,27,28,47,12,21,25,30,19,17,20,19,20,20,23,23,5,19
tr|M9R7V1,9RHOB,NA,M9R7V1,1,55,5,23,20,12,42,11,21,14,42,13,15,24,14,22,26,25,25,4,6
sp|O28635,ARCFU,NA,RBL,1,46,1,25,40,16,41,15,30,32,34,11,9,22,10,20,21,15,33,6,14
sp|O58677,PYRHO,NA,RBL,1,39,0,19,39,18,40,12,24,28,39,18,12,21,8,26,17,15,32,7,16
sp|P00874,MAIZE,NA,RBL,1,45,11,28,31,22,47,15,25,26,37,11,14,22,11,28,18,31,29,8,17
sp|P0C916,THIFE,NA,RBL1A,1,51,8,34,32,25,44,15,19,23,37,10,17,21,7,29,13,26,37,10,15
sp|P37393,CYACA,NA,RBL,1,48,5,26,25,19,43,8,30,24,44,15,25,20,15,26,21,28,38,8,20
tr|P72383,9FIRM,NA,P72383,1,55,2,29,27,17,42,15,28,22,35,12,15,24,16,26,17,33,31,10,23
tr|Q0EX22,9PROT,NA,Q0EX22,1,47,6,33,32,19,45,15,19,27,39,16,15,20,9,28,15,28,33,10,17
tr|Q12TQ0,METBU,NA,Q12TQ0,1,42,6,34,29,22,36,14,29,29,37,19,17,20,17,16,24,24,34,7,18
sp|Q2JIP3,SYNJB,NA,RBL,1,47,9,29,30,21,43,14,21,25,39,12,16,23,13,28,17,29,31,9,18
sp|Q51856,PSEHY,NA,RBL,1,41,8,29,32,22,43,12,23,28,34,15,13,24,10,30,18,25,37,12,18
sp|Q58632,METJA,NA,RBL,1,36,2,22,47,17,38,8,37,39,29,14,15,15,6,23,13,13,31,4,16
sp|Q8DIS5,THEEB,NA,RBL,1,47,9,31,30,21,42,14,25,25,42,13,15,21,16,27,14,31,26,9,17
sp|Q8THG2,METAC,NA,RBL,1,44,8,29,33,15,35,15,23,23,44,15,8,21,11,19,22,22,28,4,9
sp|Q8U1P9,PYRFU,NA,RBL,1,37,0,22,40,16,38,10,28,32,38,16,9,20,6,22,17,16,26,8,19
sp|Q9ZI34,BRAJA,NA,RBL,1,48,5,28,29,19,45,14,23,24,37,16,15,22,12,30,21,33,37,8,20
