name,abbrv,formula,state,ref1,ref2,date,G,H,S,Cp,V,a1.a,a2.b,a3.c,a4.d,c1.e,c2.f,omega.lambda,z.T
acetate,ACETATE,CH3COO-,aq,DEW17,DEW17.7,26.Sep.17,-88270,-116180,20.6,6.3117426074730005,40.54909511567521,10.018,2.809,6.72,-2.8941,26.3,-3.86,1.3182,-1
"acetic acid",ACETIC-ACID,CH3COOH,aq,PS01.1,NA,26.Sep.17,-94760,-116100,42.7,40.25575770942072,51.56505119175234,11.5,5.5,1.67,-2.87,44.9,-2.63,-0.076,0
Ag+,Ag(+),Ag+,aq,DEW17,NA,26.Sep.17,18427,25275,17.54,7.899675145066272,-0.8000779183186488,2.0464198451385798,-4.387713541216656,7.018168800653471,-2.5976119222061036,12.786273506979494,-1.4254361729500007,0.216,1
AgCl,AgCl(0),AgCl,aq,DEW17,NA,26.Sep.17,-17450,-18270,34.1,6.700093692683566,27,6.745843118168457,2.1395755891092776,3.044086894026221,-2.867450054853778,9.743184747784344,-1.6697909148003578,-0.038,0
AgCl2-,AgCl2(-),AgCl2-,aq,DEW17,NA,26.Sep.17,-51560,-61130,47,7.699895914602958,53,12.253325472403718,7.383245132546093,-1.3526803252190707,-3.0842233537794557,19.12646661571935,-1.4661312021953776,0.9169,-1
Al+3,Al(+3),Al+3,aq,DEW17,NA,26.Sep.17,-115609,-126834,-77.7,-31.041644667421664,-44.399906639446655,-3.3802,-17.0071,14.5185,-2.0758,10.7,-8.06,2.753,3
AlO2-,AlO2(-),AlO2-,aq,PH95,SHA14.1,26.Sep.17,-198693,-222125,-7.22,-9.545923627939738,10.000024777758352,4.298,2.4976,-1.8258,-2.8823,19.1,-6.2,1.7418,-1
argon,Ar(0),Ar,aq,DEW17,NA,26.Sep.17,3900,-2870,14.3,53.345033192928895,31.709837012547897,6.0003,6.8698,3.0499,-3.063,35.6471,7.316,-0.3073,0
Au+,Au(+),Au+,aq,DEW17,NA,26.Sep.17,39000,47580,24.5,0.6002074730847566,11.100324833471493,3.3303289051148655,0.42332752242294425,5.604414972054319,-2.7965003597769647,8.176673476970763,-2.9123377377326354,0.18,1
Au+3,Au(+3),Au+3,aq,DEW17,NA,26.Sep.17,103600,96930,-57.9,-36.1998871338686,-41.300343488716095,-8.030924430948104,-2.3071217010082825,13.798337217155645,-2.6836235888803177,7.572434564298444,-10.408517009169033,2.4554,3
Ba+2,Ba(+2),Ba+2,aq,DEW17,NA,26.Sep.17,-134030,-128500,2.3,-12.285380588877757,-12.59984116521212,1.1011430678496485,-8.76086780668558,8.149073569390548,-2.416825724871618,8.041256824073457,-5.537132025954399,0.985,2
BaCl+,BaCl(+),BaCl+,aq,DEW17,NA,26.Sep.17,-164730,-165770,22.5,6.179558063057579,16.8,4.88510260729963,0.3679660373185725,4.529564714108292,-2.79421171598275,11.74685523578722,-1.7758240225551714,0.2126,1
Be+2,Be(+2),Be+2,aq,DEW17,NA,26.Sep.17,-83500,-91500,-55.7,-1.3003396389719626,-25.400190859694312,-1.4186786930078727,-9.479067548613203,9.978610117542088,-2.3871353475403305,22.915360910580247,-3.299479184458589,1.9007,2
benzene,BENZENE,C6H6,aq,DEW17,NA,26.Sep.17,32000,12230,35.7,89.11776918942088,83,17.519916303739855,12.39756204974582,-5.557137540881264,-3.291515215136492,66.9,9.8,-0.25,0
BO(OH),BO(OH)(0),BO(OH),aq,SH88,SHA14.2,26.Sep.17,-174854,-188505,24,3.757736459774607,20.488458792536274,5.54,1.38,3.1,-2.84,25,-10,0.1,0
BO2-,BO2(-),BO2-,aq,SH88,SHA14.2,26.Sep.17,-162240,-184600,-8.9,-9.000033056281316,-16.018319311958425,-0.855,-2.596,3.7,-2.6717,17.102,-4.8679,1.7595,-1
Ca(HCO3)+,Ca(HCO3)(+),Ca(HCO3)+,aq,DEW17,NA,26.Sep.17,-273830,-294350,16,90.94853456234937,37.50871386743425,9.14,4.42,1.13,-2.96,65.9,15.5,0.7,1
CaOH+,Ca(OH)(+),Ca(OH)+,aq,DEW17,NA,26.Sep.17,-171300,-179600,6.7,1.4,1.9,2.1050517913542492,-2.278918120479812,6.7489519965723215,-2.6847895248993647,11.12918151021965,-2.74942,0.4496,1
CaCl+,CaCl(+),CaCl+,aq,DEW17,NA,26.Sep.17,-163100,-168607,4.5,17.5,11.3,3.939211612006476,-0.5326160225795666,5.284694236745089,-2.756981653626561,20.72968360566745,0.5301499999999999,0.4675,1
CaCl2,CaCl(0),CaCl,aq,DEW17,NA,26.Sep.17,-194000,-211060,6,29.77012863318628,33.3,7.969366118168457,3.304490858580944,2.067316480180823,-2.9156076520937364,23.263647180987192,3.0295752025800455,-0.038,0
CaCO3,CaCO3(0),CaCO3,aq,DEW17,NA,26.Sep.17,-262750,-287390,0,14.008552359275946,21.525709302158447,6.66,2.05,3.12,-2.86,32.8,-0.18,2,0
CaSO4,CaSO4(0),CaSO4,aq,DEW17,NA,26.Sep.17,-312930,-345900,5,-25,4.7,2.414960118168458,-1.9838546504491816,6.501544073193317,-2.696987448750431,-8.835024041508422,-8.127099999999999,-0.038,0
Cd+2,Cd(+2),Cd+2,aq,DEW17,NA,26.Sep.17,-18560,-18140,-17.4,-3.500030167874865,-15.599943640757889,0.5419606077974259,-8.920246023327099,8.555072423612161,-2.410237029395658,15.65721088274055,-3.74755614519611,1.2528,2
Ce+3,Ce(+3),Ce+3,aq,DEW17,NA,26.Sep.17,-161600,-167400,-49,-38.599563947535216,-39.79980594873031,-7.686643317464659,-2.5596461715657464,13.586357131225821,-2.673184227267472,4.044360143116442,-10.897331176112925,2.2251,3
Ce+4,Ce(+4),Ce+4,aq,DEW17,NA,26.Sep.17,-121300,-137700,-100.1,0.09973011207567595,-53.30007092616955,-15.635482300040994,11.306940591965624,17.609991264460692,-3.2464289240718593,40.27937588970623,-3.014284976170185,3.6964,4
CN-,CN(-),CN-,aq,DEW17,NA,26.Sep.17,41200,36000,22.5,-32.70046655780093,24.199865062568378,5.052244434936199,6.875658595031929,3.708358040378629,-3.0632397263186197,-1.113327194807482,-9.695685037824049,1.29,-1
CO,CO(0),CO,aq,DEW17,NA,26.Sep.17,-28682,-28910,24.53,64.5,33.8,7.906506247357421,3.2446420258701605,2.1174991592365995,-2.913133501349473,40.54501195995606,10.10405,-0.3715,0
Co+2,Co(+2),Co+2,aq,DEW17,NA,26.Sep.17,-13000,-13900,-27,-7.800441133098211,-24.400262614870208,-1.4298594692983486,-9.482254294108897,9.986728008727031,-2.3870036074815384,15.20150131799256,-4.623549858812106,1.4769,2
Co+3,Co(+3),Co+3,aq,DEW17,NA,26.Sep.17,32000,22000,-73,-32.299640445473095,-43.89984562336694,-8.754534325725379,-1.7763658784773348,14.243876869687082,-2.705565034583747,12.249871487567614,-9.61403675874287,2.715,3
CO2,CO2(0),CO2,aq,FDM+14,NA,26.Sep.17,-92250,-98900,28.1,52.05120402614651,32.78300943659692,7.79,3.14,2.21,-2.91,37,6.5,-0.2,0
CO3-2,CO3(-2),CO3-2,aq,FDM+14,NA,26.Sep.17,-126191,-161385,-12.95,-65.02100108045077,-5.0091954600039585,5.8,5,-2,-10.8,18,-20,4.6,-2
Cr+2,Cr(+2),Cr+2,aq,DEW17,NA,26.Sep.17,-39400,-39000,-24.2,-7.3,-22.3,-0.9561498835242832,-9.347237560966711,9.642787411877661,-2.3925851992296363,15.050732020468352,-4.52161,1.4287,2
Cr+3,Cr(+3),Cr+3,aq,DEW17,NA,26.Sep.17,-49300,-60000,-77,-22.900060703070334,-39.999995068836505,-7.290451235184632,-2.8502464743373253,13.342414526310122,-2.661170810750895,17.991689300070114,-7.699342365215427,2.7403,3
Cr2O7-2,Cr2O7(-2),Cr2O7-2,aq,DEW17,NA,26.Sep.17,-311000,-356200,62.6,-20.399744267722458,73.00020077837624,16.7843789431994,11.697257517211119,-4.969938826959343,-3.2625646257615077,15.08185350063948,-7.190027907335065,2.2654,-2
CrO4-2,CrO4(-2),CrO4-2,aq,DEW17,NA,26.Sep.17,-174800,-210930,13.8,-62.600318105300204,19.799937438243095,10.03925109993335,-6.21332774584448,1.6594894368767825,-2.522141030986789,-2.8604244722521557,-15.78628479804965,3.0024,-2
Cu+,Cu(+),Cu+,aq,DEW17,NA,26.Sep.17,11950,17132,9.7,13.700250288318903,-8.000033877482512,1.295758744876561,-7.200577388679622,7.844746038526902,-2.4813281307519843,17.283016717042933,-0.24385901626943962,0.3351,1
Cu+2,Cu(+2),Cu+2,aq,DEW17,NA,26.Sep.17,15675,15700,-23.2,-2.2273462491589466,-24.600086775300493,-1.4776374260572296,-9.495871970068004,10.021417572665333,-2.386440652757389,18.467678426493023,-3.4883104309536774,1.4769,2
diglycine,DIGLYCINE,C4H8O3N2,aq,DEW17,NA,26.Sep.17,-119100,0,74.3,27.8649914537408,76.3064512488193,15.81,10.77,-4.19,-3.22,41.1,-11.5,-1.1,0
diketopiperazine,DKP,C4H6O2N2,aq,DEW17,NA,26.Sep.17,-62500,0,63,17.00013637609762,76.73000327590049,16.196600256286548,11.137633899629105,-4.500699727027939,-3.2394297854106675,11.797857332676108,0.4283277798110845,-0.4702,0
Dy+3,Dy(+3),Dy+3,aq,DEW17,NA,26.Sep.17,-158700,-166500,-55.2,-31.700048076381538,-40.70010923657932,-7.878676581143303,-2.4187929666100163,13.70459547234221,-2.679007098760342,9.50759957967865,-9.491899793158918,2.3792,3
Er+3,Er(+3),Er+3,aq,DEW17,NA,26.Sep.17,-159900,-168500,-58.3,-34.29992174981187,-42.99995399411086,-8.698992838271423,-1.8171046357427942,14.209678974937539,-2.703880894358393,8.281487930225236,-10.021494060436678,2.4115,3
ethane,ETHANE,C2H6,aq,DEW17,NA,26.Sep.17,-3886,-24650,26.81,88.30004357594541,51.2000166666145,11.269215394096722,6.446274714286046,-0.5670395089390556,-3.045488996688585,54.175461641264434,14.952118876420077,-0.406,0
ethanol,ETHANOL,C2H5OH,aq,DEW17,NA,26.Sep.17,-43330,-68650,35.9,62.200391658706195,55.080070558532036,9.2333,9.9581,12.1445,-3.1906,60.0175,0.1507,-0.2037,0
ethylene,ETHYLENE,C2H4,aq,DEW17,NA,26.Sep.17,19450,8570,28.6,66.9,46,10.305367016637419,5.528595445193565,0.20242586158126663,-3.007552135704302,42.51814924024953,10.592929999999999,-0.31,0
Eu+2,Eu(+2),Eu+2,aq,DEW17,NA,26.Sep.17,-129200,-126150,-2.4,-11.400146749647535,-15.300001424806071,0.5192521744099288,-8.926718382305747,8.571560061539193,-2.4099694620754804,9.554123313149256,-5.356809892903203,1.0929,2
Eu+3,Eu(+3),Eu+3,aq,DEW17,NA,26.Sep.17,-137300,-144700,-53,-36.59975520569644,-41.29980995420578,-8.157849885693409,-2.2140239910133177,13.876487506991058,-2.6874722482115097,6.054739312206685,-10.489970135400364,2.3161,3
Fe(Ac)+,Fe(CH3COO)(+),Fe(CH3COO)+,aq,DEW17,NA,26.Sep.17,-111900,-139060,-1.5,81.19980139672762,25.2,6.690581294269364,2.0869608507848545,3.088203853494724,-2.865274961571446,59.057600925593384,13.505799544513415,0.5756,1
Fe(Ac)2,Fe(CH3COO)2(0),Fe(CH3COO)2,aq,DEW17,NA,26.Sep.17,-201800,-259100,11.53,184.20004838492494,66.9,14.494822118168457,9.517372295763206,-3.142125726994724,-3.172448170706851,113.7690986877032,34.48694985600921,-0.038,0
FeOH+,FeOH(+),FeOH+,aq,DEW17,NA,26.Sep.17,-65850,0,-10,15,2,2.246084465553441,-2.1446410242020466,6.6363619238534035,-2.6903405400594878,21.435441953615925,0.020899999999999697,0.70314,1
Fe+2,Fe(+2),Fe+2,aq,DEW17,NA,26.Sep.17,-21870,,-25.3,-7.900242440079866,-22.20011111143649,-0.9153184420494909,-9.335599781189881,9.613141420382455,-2.3930663050456107,14.963361318190007,-4.643879385044269,1.4574,2
Fe+3,Fe(+3),Fe+3,aq,DEW17,NA,26.Sep.17,-4120,-11850,-66.3,-18.599884012846992,-36.99998851209885,-6.327140520893089,-3.556818861208916,12.749286759507843,-2.6319611082776238,19.046095840228187,-6.823396373416932,2.5812,3
FeCl+,FeCl(+),FeCl+,aq,DEW17,NA,26.Sep.17,-53030,-61260,-10.06,20.570040893148047,5.8,2.9827202459639257,-1.4432906869878268,6.048286312618566,-2.7193343629999234,24.673664783875186,1.1555173299342565,0.7003,1
FeCl+2,FeCl(++),FeCl+2,aq,DEW17,NA,26.Sep.17,-37573,-50875,-28.7,3.3,-19,-1.4536895006499702,-5.667192857575118,9.589988253806323,-2.544718247267845,21.851066422210806,-2.3623900000000004,1.4925328000000002,2
FeCl2,FeCl2(0),FeCl2,aq,DEW17,NA,26.Sep.17,-73480,-78490,43,28.140072095850797,28.4,7.017737118168457,2.3984456489918737,2.827026802060576,-2.878151743129324,22.308333578997438,2.6975326859248074,-0.038,0
FeCl2+,FeCl2(+),FeCl2+,aq,DEW17,NA,26.Sep.17,-69429,-91824,-2,5.1,8,3.353766705157168,-1.0900176500301157,5.752070219008506,-2.7339386703477553,14.527523038067901,-1.9957300000000002,0.5831,1
FeCl3,FeCl3(0),FeCl3,aq,DEW17,NA,26.Sep.17,-99307,-134400,18,-28,37.4,8.927750435512179,4.2169678004086695,1.3022132117708338,-2.9533294488688946,-7.4792707212502485,-8.738199999999999,0.3,0
FeCl4-,FeCl4(-),FeCl4-,aq,DEW17,NA,26.Sep.17,-127917,-180057,26,-95.9,55.8,12.950315210745682,8.046848504824029,-1.9091054640732654,-3.1116567171894256,-38.64687843457357,-22.56943,1.2363,-1
FeO,FeO(0),FeO,aq,DEW17,NA,26.Sep.17,-50720,,-10,0,3,2.246926435512177,-2.1438393852779156,6.635689757212449,-2.6903736798126108,8.930455103006798,-3.0346,0.3,0
formate,FORMATE,HCOO-,aq,SH90.1,DEW17.1,26.Sep.17,-83862,-101680,21.7,-20.177464600379487,26.159971565219035,5.268366909492395,7.6836443146635105,3.4705805840890083,-3.0966418559681896,17,-12.4,1.3003,-1
"formic acid",FORMIC-ACID,HCOOH,aq,SH90.1,DEW17.3,26.Sep.17,-88982,-101680,38.9,19.024124873651285,34.69001430971288,8.092450502078368,3.4216794020330656,1.9690549970623223,-2.920452226480047,22.1924,-3.1196,-0.3442,0
Ga+3,Ga(+3),Ga+3,aq,DEW17,NA,26.Sep.17,-38000,-50600,-79,-30.799816226244204,-44.900021278327145,-9.112600703984713,-1.513730145487252,14.464344791566415,-2.7164223957855573,13.244942645072129,-9.308522565285944,2.7276,3
Gd+3,Gd(+3),Gd+3,aq,DEW17,NA,26.Sep.17,-158600,-164200,-49.2,-35.899991514322814,-40.400091694714845,-7.815913141749289,-2.4648289055059194,13.665950891634948,-2.6771039730463855,6.560657450392803,-10.347428271467557,2.3265,3
glutamate,GLUTAMATE,C5H8NO4-,aq,DEW17,NA,26.Sep.17,-167258,0,44.4,11.10918772896642,79.70753937846106,17.46,12.34,-5.51,-3.29,50,-14.8,0.9569,-1
"glutamic acid",GLUTAMIC,C5H9NO4,aq,DEW17,NA,26.Sep.17,-173050,-234820,61.2,44.01507190291219,90.15500775236377,19.3,13.3,-4.4,-3.33,69.2,-9.22,0.7,0
glutamine,GLUTAMINE,C5H10N2O3,aq,DEW17,NA,26.Sep.17,-126280,-191860,62.41,43.77577245414305,93.7168584488672,19.807488940661806,14.575558127282536,-7.383366611579294,-3.38155357298186,33.4802157500622,5.882524848908939,0.18,0
h-glutarate,GLUTARATE-,C5H7O4-,aq,DEW17,NA,26.Sep.17,-170860,-223570,52.9,20.108795607973,85.90905948244925,18.601904638621573,13.427722277787266,-6.420917129526789,-3.3341020389637257,25.578904363180413,1.0615616653441,0.8279,-1
"glutaric acid",GLUTARIC-ACID,C5H8O4,aq,DEW17,NA,26.Sep.17,-176780,-223440,73.2,64.10525776551087,99.0911049024688,20.716918004604405,15.44142481151167,-8.10938762070644,-3.417348501707892,42.81495338248388,10.023641006834563,-0.1,0
glycine,GLYCINE,C2H5NO2,aq,DEW17,NA,26.Sep.17,-90950,-124780,39.3,9.49422936701518,43.290761466275875,10.8,1.3,7.6,-3.5,28,-8.2,0.2,0
glycolate,GLYCOLATE,C2H3O3-,aq,DEW17,NA,26.Sep.17,-121170,-154700,26.2,6.499727439000832,39.84996109167508,6.7382147870914615,13.19329654085941,1.8518815074471107,-3.3244108789991285,21.338956192235514,-1.7106055206755306,1.2334,-1
"glycolic acid",GLYCOLIC-ACID,C2H4O3,aq,DEW17,NA,26.Sep.17,-126400,-154890,43.1,45.50047069862751,51.75011333088785,11.426077661344983,6.59562315344203,-0.6922667598340677,-3.0516630611632936,30.05317260633247,6.233845881310423,-0.3017,0
H-succinate,H-SUCCINATE,C4H5O4-,aq,DEW17,NA,26.Sep.17,-172060,-217350,45.2,9.2999823093372,69.99007711388036,15.566254786236048,10.53748248187552,-3.997478450724362,-3.2146195258007344,20.319411396387665,-1.1401936035880127,0.9446,-1
H2AsO3-,H2AsO3(-),H2AsO3-,aq,DEW17,NA,26.Sep.17,-140330,-170840,26.4,-2.9001583614829087,26.399881711344126,7.2377362401525875,2.6079066370318795,2.651395748597695,-2.886810860374898,15.803326514833184,-3.6253622582340688,1.2305,-1
H2AsO4-,H2AsO4(-),H2AsO4-,aq,DEW17,NA,26.Sep.17,-180010,-217390,28,-0.7002543708804083,35.10010083490968,8.915414426514241,4.20522269611064,1.3120613704193662,-2.952843906257214,16.862284972885902,-3.1772418153483395,1.2055,-1
H2P2O7-2,H2P2O7(-2),H2P2O7-2,aq,DEW17,NA,26.Sep.17,-480400,-544600,39,-20.299643862440398,52.400027441768785,12.954568244885333,8.050897815225934,-1.9125007724709686,-3.1118241156814404,18.42397290198147,-7.169637454779109,2.6218,-2
H2PO4-,H2PO4(-),H2PO4-,aq,DEW17,NA,26.Sep.17,-270140,-309820,21.6,-7.000122497442536,31.299704419202733,8.222810712241643,3.5457952538402897,1.8649850315364205,-2.925583175793758,14.043550706390885,-4.4605249527290445,1.3003,-1
H2S,H2S(0),H2S,aq,DEW17,NA,26.Sep.17,-6673,-9001,30,42.83310705902661,34.92004642639201,8.254256737965534,3.5757349897749315,1.8398808466865155,-2.926820884477296,30.34816192585236,5.690503907923719,-0.1,0
H2VO4-,H2VO4(-),H2VO4-,aq,DEW17,NA,26.Sep.17,-244000,-280600,29,0.599786690084759,29.000135951263612,7.723209666336199,3.070125497718614,2.2638296142428036,-2.9059189880756877,17.479547655197138,-2.912423451229735,1.1898,-1
H3P2O7-,H3P2O7(-),H3P2O7-,aq,DEW17,NA,26.Sep.17,-483600,-544100,51,29.599573284247107,50.99985815720648,11.83605067253385,6.985958129413217,-1.0195589380803387,-3.0677995090699426,31.407335992060318,2.994833078001135,0.8568,-1
H3PO4,H3PO4(0),H3PO4,aq,DEW17,NA,26.Sep.17,-273100,-307920,38,23.599923831730756,48.10014673157673,10.756405444030587,5.958028771080202,-0.1576499125439561,-3.0253049093964557,17.970790887008633,1.7727044845235547,-0.22,0
HAlO2,HAlO2(0),HAlO2,aq,PH95,SHA14.1,26.Sep.17,-207500,-230730,-6.5,47.50000000000001,13,4.284957392520296,-0.20343174155179186,5.0086763366992475,-2.7705901318042487,38.61094984058572,6.641149999999999,0.5,0
HAsO4-2,HAsO4(-2),HAsO4-2,aq,DEW17,NA,26.Sep.17,-170790,-216620,-0.4,-51.800257961551424,13.000048067928327,5.589483846667549,1.038606851810061,3.9672387466500956,-2.8219360072538278,5.471025496262261,-13.586312546768024,3.2197,-2
HCl,HCl(0),HCl,aq,DEW17,NA,26.Sep.17,-30410,-42054,3.2,39,15,4.337619042991882,-0.1532926262675389,4.966635163689084,-2.7726628828301,27.180441429650536,4.9097,-0.2,0
HCN,HCN(0),HCN,aq,DEW17,NA,26.Sep.17,28600,26500,29.8,40.7,45.9,10.381253422424983,5.600846831434169,0.14184375892657997,-3.0105390080114884,28.993924676337578,5.25599,-0.1113,0
HCO3-,HCO3(-),HCO3-,aq,FDM+14,NA,26.Sep.17,-140282,-164898,23.53,-8.452675220785647,24.233611954909417,7.65,0.92,0.6,-2.82,11,-3.8,1.2733,-1
HCrO4-,HCrO4(-),HCrO4-,aq,DEW17,NA,26.Sep.17,-182800,-209900,44,20.400388815708865,44.0002332549264,10.527209134605313,5.739811148235301,0.025323496218435437,-3.0162837928680477,26.98707969622188,1.120959201759896,0.9622,-1
hexane,HEXANE,C6H14,aq,DEW17,NA,26.Sep.17,4420,-47400,53.2,159.0682865425184,114,23.434902251030923,18.0292154381249,-10.279225537286145,-3.5243277662120835,108,23,-0.47,0
HFeO2-,HFeO2(-),HFeO2-,aq,DEW17,NA,26.Sep.17,-94400,,-15,22,20,6.294963991279445,1.7102939331052087,3.404035494392251,-2.8497035511945694,36.16137770488019,1.4467999999999996,1.85626,-1
Hg+2,Hg(+2),Hg+2,aq,DEW17,NA,26.Sep.17,39360,40670,-8.68,2.1994628605957036,-19.600010995812212,-0.47445262693810275,-9.209944181434302,9.293047303367445,-2.3982609075395063,18.061441058685784,-2.586569415296655,1.1512,2
Hg2+2,Hg2(+2),Hg2+2,aq,DEW17,NA,26.Sep.17,36710,39870,-15.66,17.09965639090492,14.399640599138547,4.710319089970485,0.2015547902977272,4.669098967698079,-2.7873322750309084,23.7435031959266,0.4486000068273315,0.8201,2
Ho+3,Ho(+3),Ho+3,aq,DEW17,NA,26.Sep.17,-161400,-169000,-54.3,-33.29988615039248,-41.59974442554754,-8.201327161970351,-2.1821341319907637,13.903257249507377,-2.688790574983502,8.668573194259835,-9.81778680883495,2.3899,3
HO2-,HO2(-),HO2-,aq,DEW17,NA,26.Sep.17,-16100,-38320,5.7,-30.199670685852247,5.6999261368646055,3.3684013324496833,-1.0760840330927344,5.740387013251858,-2.7345146860719463,2.700644968160793,-9.186272918708102,1.5449,-1
HPO4-2,HPO4(-2),HPO4-2,aq,DEW17,NA,26.Sep.17,-260310,-308815,-8,-58.30027227987726,5.400045354461591,4.169415067620906,-0.3134394966537006,5.100916796836603,-2.7660424112083364,2.7358330280668284,-14.910365463410997,3.3363,-2
HS-,HS(-),HS-,aq,DEW17,NA,26.Sep.17,2860,-3850,16.3,-22.596949720221318,20.649993647767907,6.222017811576496,1.6408419337675646,3.4622703376578796,-2.846832405541951,6.199094503244163,-7.637598658009082,1.441,-1
HSe-,HSe(-),HSe-,aq,DEW17,NA,26.Sep.17,10500,3800,19,-12.600256508131048,18.999925721536577,5.853496710162042,1.2899732879307344,3.7564703720988852,-2.8323274957230566,11.134646820516048,-5.601272250706295,1.3408,-1
HSeO3-,HSeO3(-),HSeO3-,aq,DEW17,NA,26.Sep.17,-98340,-122980,32.3,4.900357947808098,32.30025099911934,8.340334132442248,3.6576892081936037,1.7711630112017964,-2.930208871866724,19.542990868730005,-2.0363970860314904,1.1402,-1
HSeO4-,HSeO4(-),HSeO4-,aq,DEW17,NA,26.Sep.17,-108100,-139000,35.7,-41.90033196483917,30.999945707315852,8.063003689334494,3.393643115177313,1.9925631578980951,-2.9192932063814303,-8.361401624077637,-11.56969762123774,1.0885,-1
HSiO3-,HSiO3(-),HSiO3-,aq,DEW17,NA,26.Sep.17,-242855,-273872,-2,10.5,18.2,5.850961150296356,1.2875591834110844,3.7584945758607455,-2.832227696642214,27.60803018610319,-0.8957500000000005,1.6594,-1
HSO3-,HSO3(-),HSO3-,aq,DEW17,NA,26.Sep.17,-126130,-149670,33.4,-1.400036509254024,33.29988332489905,6.7014,8.5816,2.3771,-3.1338,15.6949,-3.3198,1.1233,-1
HSO4-,HSO4(-),HSO4-,aq,DEW17,NA,26.Sep.17,-180630,-212500,30,5.300109844135935,35.199933611817556,8.920077548216774,4.209662450553083,1.3083386783938131,-2.9530274457058647,20.096034210318095,-1.9549676247495102,1.1748,-1
HSO5-,HSO5(-),HSO5-,aq,DEW17,NA,26.Sep.17,-152370,-185380,50.7,29.199742106419265,50.69984077367306,11.7798468120535,6.932446478813418,-0.9746899261687592,-3.0655873374341467,31.212625468126582,2.9133874670776034,0.8611,-1
HVO4-2,HVO4(-2),HVO4-2,aq,DEW17,NA,26.Sep.17,-233000,-277000,4,-48.29961213968335,17.399862168169946,6.411834872477753,1.8215666055964654,3.3107344130112253,-2.8543035634753577,6.905359770715329,-12.873230992853497,3.1527,-2
In+3,In(+3),In+3,aq,DEW17,NA,26.Sep.17,-23400,-25000,-63,-34.900243873903435,-42.199861621477424,-8.322321473975174,-2.0933868165474703,13.97775562787117,-2.6924593890039277,8.747761911704586,-10.143779677114129,2.5003,3
isobutane,Isobutane,C4H10,aq,DEW17,NA,26.Sep.17,36,-36230,40.02,133.91756433691094,82.81179816697616,17.46,12.34,-5.51,-3.29,92.3,19.12,-0.3,0
KCl,KCl(0),KCl,aq,DEW17,NA,26.Sep.17,-98850,,34,-1.5,34,8.17150547850406,3.4969475818433433,1.9059433415888574,-2.923563813033404,6.208795648135887,-3.3401500000000004,0.1,0
KOH,KOH(0),KOH,aq,HP97,SHA14.3,26.Sep.17,-102800,-180000,36.3,-6.5,20.3,5.6930972968194835,1.1372571348081169,3.884521419239946,-2.8260142099529677,6.779364765232841,-4.35865,0.48,0
Kr,Kr(0),Kr,aq,DEW17,NA,26.Sep.17,3554,-3650,15.06,57.600252151490054,33.500341404615675,6.2721,7.5333,2.7891,-3.0904,37.8226,8.6985,-0.2281,0
KSO4-,KSO4(-),KSO4-,aq,DEW17,NA,26.Sep.17,-246570,-276980,34,-22,50.7,11.894275401630633,7.041393847406007,-1.0660412622670492,-3.0700912216517646,3.403681964233403,-7.516,1.0996,-1
La+3,La(+3),La+3,aq,DEW17,NA,26.Sep.17,-164000,-169600,-52,-37.19955810028799,-38.59992886912269,-7.305253016888569,-2.839389613644978,13.35152825005105,-2.6616196333719166,4.239298364676575,-10.612149985028662,2.1572,3
lactate,LACTATE,C3H5O3-,aq,DEW17,NA,26.Sep.17,-122530,-164070,31.9,26.69959525788555,56.24990392092651,8.497666400245102,19.786282153505095,-0.0855076207025629,-3.5969649042259006,32.380413557383065,2.4041075540312864,1.1469,-1
"lactic acid",LACTIC-ACID,C3H6O3,aq,DEW17,NA,26.Sep.17,-127800,-164000,49.8,66.69972881055273,69.37992206536427,14.871307453601954,9.875823682438108,-3.4426838177687404,-3.1872665510319917,42.88721566720211,10.552134758709588,-0.2572,0
leucine,LEUCINE,C6H13NO2,aq,DEW17,NA,26.Sep.17,-82000,-151070,51.5,95.09995245645273,107.56995202352142,22.20056024254874,16.853999399332643,-9.29381802598324,-3.475744335168412,57.84831226187357,16.337260315379417,-0.4399,0
Lu+3,Lu(+3),Lu+3,aq,DEW17,NA,26.Sep.17,-159400,-167900,-63.1,-32.80005926608299,-45.00016144839553,-9.398007167049657,-1.3043892517916038,14.640074694241838,-2.7250765483309354,9.56494324858524,-9.715972072501105,2.4554,3
methane,METHANE,CH4,aq,PS01.1,DEW17.101,26.Sep.17,-8234,-21010,20.99,57.69216612594538,36.002379374011305,8.32,3.64,1.79,-2.93,40.9,6.45,-0.4,0
methanol,METHANOL,CH3OH,aq,DEW17,NA,26.Sep.17,-42050,-58870,31.6,37.73273933386164,38.688451864443074,8.4,4.1,-0.24,-1.43,34.4,0.96,-0.15,0
Mg(HCO3)+,Mg(HCO3)(+),Mg(HCO3)+,aq,DEW17,NA,26.Sep.17,-250280,-275750,-5,59,25.9,6.851384005230168,2.24006098324716,2.9598308433162064,-2.871604121047438,46.524558096962714,8.983699999999999,0.62742,1
Mg(HSiO3)+,Mg(HSiO3)(+),Mg(HSiO3)+,aq,DEW17,NA,26.Sep.17,-353025,-385700,-23.78,37.82,2.5,2.4432858982043824,-1.9568856979378308,6.478930862090473,-2.6981023452472503,36.73194270763262,4.669333999999999,0.91182432,1
MgCl+,MgCl(+),MgCl+,aq,DEW17,DEW17.102,26.Sep.17,-139700,-150933,-19,24.998133400778386,1.252948895419198,3.21,-4.92,6.27,-2.58,28.6,2.058,0.8449,1
MgCO3,MgCO3(0),MgCO3,aq,DEW17,NA,26.Sep.17,-238760,-270570,-24,-24.8,17.9,5.140655435512176,0.6112776806154065,4.325550207006634,-2.804270219316641,-5.603873484192299,-8.086359999999999,0.3,0
MgOH+,MgOH(+),MgOH+,aq,DEW17,NA,26.Sep.17,-149225,-152955,-17,40,-7,0.5661903278807945,-3.74406688875123,7.977465353924591,-2.624220274819024,37.39299435773115,5.1133999999999995,0.8449,1
MgSO4,MgSO4,MgSO4,aq,DEW17,NA,26.Sep.17,-289449,-327449,-1,20,35,8.34173273925203,3.659020820618297,1.7700464668030396,-2.9302639207243604,18.348479084618972,1.0393999999999997,0.05,0
Mn+2,Mn(+2),Mn+2,aq,DEW17,NA,26.Sep.17,-54500,-52724,-17.6,-4.09990955696642,-17.099974699534506,-1.1287815944687463,-5.357848300028936,9.33060577388377,-2.557506551276804,16.66730159921858,-3.86975157675406,1.4006,2
MnCl+,MnCl(+),MnCl+,aq,DEW17,NA,26.Sep.17,-86290,-88280,12,24.629583311974685,6.3,2.9207237537659614,-1.502317497611809,6.09777973394466,-2.7168941946487277,23.99690948812113,1.982446120649243,0.3686,1
MnO4-,MnO4(-),MnO4-,aq,DEW17,NA,26.Sep.17,-106900,-129400,45.7,-1.7996587690818622,41.99996854256729,6.892294049839455,13.770659598138257,1.6822198433867825,-3.3482790677870358,13.742477467512039,-3.4011904912619757,0.9368,-1
MnO4-2,MnO4(-2),MnO4-2,aq,DEW17,NA,26.Sep.17,-119700,-156000,14,-59.30044503679666,27.399796901522667,11.856377497603495,-5.69541027639123,0.3401504229867509,-2.5435517391739864,-0.926495461216696,-15.114100653995479,3.0024,-2
MnSO4,MnSO4(0),MnSO4,aq,DEW17,NA,26.Sep.17,-235640,-266750,5,-21.479758479807018,29.2,7.173105118168457,2.5463713974962108,2.7029924637944927,-2.8842669935724934,-6.771945535025109,-7.41002680233669,-0.038,0
MoO4-2,MoO4(-2),MoO4-2,aq,DEW17,NA,26.Sep.17,-199900,-238500,6.5,-47.49954986802768,30.40012146284269,12.639952721169077,-5.472075621501126,-0.22877057452515892,-2.5527843938071433,7.02231527800825,-12.710258308117236,3.1145,-2
N2,N2(0),N2,aq,DEW17,NA,26.Sep.17,4347,-2495,22.9,56.00005492647911,33.300234717032126,7.821294304942734,3.163511803667383,2.185526081703083,-2.9097795779636098,35.79107726382313,8.372611188523795,-0.3468,0
Na(Ac),NaCH3COO(0),NaCH3COO,aq,DEW17,NA,26.Sep.17,-150720,-173540,34.2,75.1,49,11.18058643551218,6.361891153721584,-0.49628469308735923,-3.0420005802948507,52.94368401021052,12.263269999999999,0.3,0
Na(Ac)2-,Na(CH3COO)2(-1),Na(CH3COO)2-1,aq,DEW17,NA,26.Sep.17,-238470,-292400,44,170,103.2,22.02466635946482,16.68653097396497,-9.153397338368181,-3.4688211904637125,114.6668686976503,31.594399999999997,0.9627639999999998,-1
NaCl,NaCl(0),NaCl,aq,DEW17,DEW17.103,26.Sep.17,-92910,-96120,28,8.5083603247707,24.00006579374395,6.16322589597147,1.5848661979540304,3.5092054616696684,-2.8445183686234197,10.802940449559435,-1.3014470018442086,-0.038,0
NaCO3-,NaCO3(-),NaCO3-,aq,DEW17,NA,26.Sep.17,-190562,,8,-1,27.8,7.642732473792389,2.9935032270800592,2.3280766620433937,-2.90275142340749,19.47301907900619,-3.2383,1.507948,-1
NaHCO3,NaHCO3(0),NaHCO3,aq,DEW17,NA,26.Sep.17,-203088,-150000,31,73.89683329827047,36.71855532414953,9.61,2.56,1.01,-2.88,55.5,12,0.65,0
NaHSiO3,NaHSiO3(0),NaHSiO3,aq,DEW17,NA,26.Sep.17,-307140,-333044,19,2.3400874553111497,18.7,5.133900118168457,0.6048459483767572,4.3309431535368486,-2.8040043315058956,7.187952356808203,-2.557924185353119,-0.038,0
NaOH,NaOH(0),NaOH,aq,DEW17,NA,26.Sep.17,-100900,,6.5,42,12,3.9468509570081185,-0.5253426083150418,5.278595547812582,-2.7572823365722563,32.62376033939237,5.520799999999999,0.2,0
Nd+3,Nd(+3),Nd+3,aq,DEW17,NA,26.Sep.17,-160600,-166500,-49.5,-43.200003543804335,-43.0999913556667,-8.87877564002377,-1.685236940856787,14.320374485877917,-2.7093323048649807,1.6236827508367284,-11.834440721872944,2.255,3
NH3,NH3(0),NH3,aq,DEW17,NA,26.Sep.17,-6383,-19440,25.77,18.38308708529363,24.43005814743134,6.240978853560611,1.658894726671656,3.4471332418895377,-2.8475787080006065,16.479584955617835,0.7100348392743125,-0.05,0
NH4+,NH4(+),NH4+,aq,DEW17,NA,26.Sep.17,-18990,-31850,26.57,16.023558124915528,18.130099154302023,5.113490705470093,0.5854141628743393,4.347236521530521,-2.8032010214932255,16.941165118539303,0.22939879004529296,0.1502,1
Ni+2,Ni(+2),Ni+2,aq,DEW17,NA,26.Sep.17,-10900,-12900,-30.8,-11.700182270493716,-29.00018616213362,-2.5121036060018582,-9.79071557964785,10.77249993628113,-2.374251817937358,13.19055512776983,-5.417927128499571,1.5067,2
NO2-,NO2(-),NO2-,aq,DEW17,NA,26.Sep.17,-7700,-25000,29.4,-23.299793774198573,25.00005814048389,5.1109561190114565,7.0956619673943795,3.6437087044307788,-3.072334665732084,3.425934956209307,-7.780767991804249,1.1847,-1
NO3-,NO3(-),NO3-,aq,DEW17,NA,26.Sep.17,-26507,-49429,35.12,-16.078788056551574,29.000102966778783,5.522404587033395,8.637434306988057,3.190649476896393,-3.1360715342508865,6.856372739851436,-6.309849127119556,1.0977,-1
OH-,OH(-),OH-,aq,DEW17,NA,26.Sep.17,-37595,-54977,-5,-19.007453190249493,-9.099533378981304,2.1,-5,1,-2.7,12.12,-7.52,1.72,-1
Pb+2,Pb(+2),Pb+2,aq,DEW17,NA,26.Sep.17,-5710,220,4.2,-12.700048537413105,-15.599941356891893,0.4392101632721973,-8.949531960883194,8.629675197712237,-2.409026348737089,8.662399770517306,-5.621599887071049,1.0788,2
PbCl+,PbCl(+),PbCl+,aq,DEW17,NA,26.Sep.17,-39050,-38630,28,4.899771461108501,13.8,4.2619417779637,-0.2253448897584446,5.027050303805176,-2.769684242257386,10.218336847875007,-2.0365165533721985,0.1281,1
PbCl2,PbCl2(0),PbCl2,aq,DEW17,NA,26.Sep.17,-71200,-77700,47,2.000063063632387,34.97000355800911,8.293697509169407,3.6132865164852057,1.8083942474062376,-2.9283732645914986,6.988677105343622,-2.627187153938083,-0.038,0
PbCl3-,PbCl3(-),PbCl3-,aq,DEW17,NA,26.Sep.17,-102150,-117700,59,-11.999523180239091,53.8,12.321732059875858,7.44837498975249,-1.4072910932675065,-3.086915822076368,5.911105835808924,-5.478902871814703,0.7356,-1
Pd+2,Pd(+2),Pd+2,aq,DEW17,NA,26.Sep.17,42200,42080,-22.6,-6.2998926725689195,-20.80001316035285,-0.614096724623226,-9.249745550117238,9.394437006566777,-2.3966155189581535,15.37797589403887,-4.317888137402289,1.4006,2
PO4-3,PO4(-3),PO4-3,aq,DEW17,NA,26.Sep.17,-243500,-305300,-53,-114.89996391595473,-30.600095804682038,-1.1970758608927012,-7.319635964606203,9.590613498435385,-2.4764062492231798,-9.47495397363052,-26.43972264967998,5.6114,-3
Pr+3,Pr(+3),Pr+3,aq,DEW17,NA,26.Sep.17,-162600,-168800,-50,-47.69967108409179,-42.09999378698761,-8.527528167362654,-1.9428711200045896,14.104105087060267,-2.69868170789901,-1.197656471892774,-12.751022999829498,2.235,3
propane,PROPANE,C3H8,aq,DEW17,NA,26.Sep.17,-1963,-30490,33.37,110.59958327471779,66.99993622090898,14.290088050581724,9.322445153802782,-2.9786811657360044,-3.1643898826582073,66.32953185662123,19.49453511306001,-0.5053,0
propanoate,PROPANOATE,C2H5COO-,aq,SH90.1,DEW17.104,26.Sep.17,-86770,-122630,26.5,32.45551213710533,54.950066467724966,8.378618967437145,19.33650894227708,0.04597812207649099,-3.5783712796737346,52.3,-4.2,1.2276,-1
"propanoic acid",PROPANOIC-ACID,C3H6O2,aq,DEW17,NA,26.Sep.17,-93450,-122470,49.4,61.28421794436844,68.27064151281941,14.6,7.9,6.9,-4.3,63.3,-1.4,-0.09,0
propanol,PROPANOL,C3H7OH,aq,DEW17,NA,26.Sep.17,-41910,-75320,40.6,82.84849041327438,70.88199974121683,14.6,9.1,12.2,-5.5,74.3,3.3,-0.2,0
Ra+2,Ra(+2),Ra+2,aq,DEW17,NA,26.Sep.17,-134200,-126100,13,-14.40028139320611,-10.59999289581294,1.5462375047327335,-8.634006964911572,7.8259092280446785,-2.422070152070556,6.285875837483136,-5.967937319796084,0.929,2
ReO4-,ReO4(-),ReO4-,aq,DEW17,NA,26.Sep.17,-166000,-188200,48.1,-0.19974762577051308,48.10000943588636,7.545596390031677,16.218702441371004,0.962847487920568,-3.449481158926278,14.34477681654464,-3.075288591369454,0.9004,-1
S2-2,S2(-2),S2-2,aq,DEW17,NA,26.Sep.17,19000,7200,6.8,-65.09990805504928,20.200210252653573,10.197492708619151,-6.168225713515938,1.5445968635106269,-2.524005549003251,-3.3496990224825325,-16.29545127081354,3.1083,-2
S2O3-2,S2O3(-2),S2O3-2,aq,DEW17,NA,26.Sep.17,-124900,-155000,16,-57.29954475495788,28.500185532561733,12.099993162447461,-5.625974925709553,0.16327133992707843,-2.546422196571167,-0.057868122407647604,-14.706517266584921,2.9694,-2
S2O4-2,S2O4(-2),S2O4-2,aq,DEW17,NA,26.Sep.17,-143500,-180100,22,-52.90035192695247,35.3998478034818,13.695256196866419,-5.1712929646979715,-0.9949820217675889,-2.565218748839386,1.6709066390068763,-13.81040168752022,2.8772,-2
S2O5-2,S2O5(-2),S2O5-2,aq,DEW17,NA,26.Sep.17,-189000,-232000,25,-50.500131801086255,38.39977466142816,14.387205274712677,-4.97407359908414,-1.4973771304393537,-2.573371797413862,2.6823529526257417,-13.321476847881272,2.8343,-2
S2O6-2,S2O6(-2),S2O6-2,aq,DEW17,NA,26.Sep.17,-231000,-280400,30,-46.49998481160829,43.29985795262196,15.514171655791266,-4.652865576903915,-2.3156199977521688,-2.5866505370507924,4.33019531784219,-12.506646906124608,2.7587,-2
S2O8-2,S2O8(-2),S2O8-2,aq,DEW17,NA,26.Sep.17,-266500,-321400,58.4,-25.000264851991577,79.00010532895529,23.795821627890255,-2.2924292297424844,-8.32857755622526,-2.684230975642446,12.963309632399941,-8.127153950350685,2.3281,-2
S3-,S3(-),S3-,aq,DEW17,NA,26.Sep.17,13160,0,23,95,77,17.242017656064945,12.132974969615727,-5.335283781616846,-3.280577185243914,76.58299607816463,16.316899999999997,1.6,-1
S3-2,S3(-2),S3-2,aq,DEW17,NA,26.Sep.17,17600,6200,15.8,-57.90033772354943,29.199763744824732,12.270510189139126,-5.577374153041198,0.039466102088216104,-2.548431352513277,-0.35929924032653915,-14.828898794287017,2.9749,-2
S3O6-2,S3O6(-2),S3O6-2,aq,DEW17,NA,26.Sep.17,-229000,-279000,33,-44.099790031242065,46.400047997667656,16.22849924974991,-4.449267885351986,-2.83426320530023,-2.5950672656195493,5.316752122935856,-12.01772722936401,2.7131,-2
S4-2,S4(-2),S4-2,aq,DEW17,NA,26.Sep.17,16500,5500,24.7,-50.70043851434997,38.0999694446451,14.31829730517185,-4.993713752490912,-1.4473459533568356,-2.572559873472026,2.608261196932318,-13.362279325373088,2.839,-2
S4O6-2,S4O6(-2),S4O6-2,aq,DEW17,NA,26.Sep.17,-248700,-292600,61.5,-21.300041640359787,74.89970083942507,22.787306022762863,-2.579876405008565,-7.596336813001503,-2.672347909416946,14.693337557522426,-7.373418482141289,2.2805,-2
S5-2,S5(-2),S5-2,aq,DEW17,NA,26.Sep.17,15700,5100,33.6,-43.59981656463218,46.99995302985508,16.367212359470173,-4.409731866911884,-2.934976957313612,-2.5967016846218627,5.536064711024125,-11.915882634215574,2.7051,-2
S5O6-2,S5O6(-2),S5O6-2,aq,DEW17,NA,26.Sep.17,-229000,-281000,40,-38.49991853575316,53.399919877335606,17.839868446592046,-3.9899953450083805,-4.004210573793863,-2.6140535924373536,7.626667883723183,-10.877033405732918,2.6076,-2
Sc+3,Sc(+3),Sc+3,aq,DEW17,NA,26.Sep.17,-140200,-146800,-61,-35.40031466051333,-41.90004101879543,-8.211537761284175,-2.174644827219701,13.909544099512129,-2.6891001828427377,8.45468960809784,-10.245644096346567,2.5003,3
SeO3-2,SeO3(-2),SeO3-2,aq,DEW17,NA,26.Sep.17,-88400,-121700,3,-68.10016115780746,16.400033062227077,9.322825411120137,-6.4175234365114475,2.1796559828123065,-2.5136995811346172,-4.578294253541053,-16.90660282784538,3.1658,-2
SeO4-2,SeO4(-2),SeO4-2,aq,DEW17,NA,26.Sep.17,-105500,-143200,12.9,-60.199604228933985,20.700183756115845,10.2644207798358,-6.149149870842385,1.4960032072884974,-2.5247941443393755,-1.298682540907194,-15.297259381433854,3.0192,-2
Si2O4,Si2O4(0),Si2O4,aq,SHA14,NA,26.Sep.17,-400751,-427304,18,48.999991704543376,40.000174025236504,10.0724,2.6931,0.6715,-2.8903,35.8049,6.9467,0.1,0
SiO2,SiO2(0),SiO2,aq,SHA14,NA,26.Sep.17,-199557,-213937,5.3,27.69998778469038,18.000125661346434,4.8998,1.409,4.4066,-2.8372,25.7171,2.6079,0.36,0
Sm+2,Sm(+2),Sm+2,aq,DEW17,NA,26.Sep.17,-123000,-120500,-6.2,3.700319865124996,-5.700076552874581,2.894669121202731,-8.249676908714969,6.8468697724224805,-2.437958356593723,19.653187916533685,-2.2808448434740383,1.2285,2
Sm+3,Sm(+3),Sm+3,aq,DEW17,NA,26.Sep.17,-159100,-165200,-50.7,-43.299678160586396,-42.00020843618984,-8.435446302621303,-2.0104116362602666,14.047408623513505,-2.6958895829570007,1.9383870992998915,-11.85474444131145,2.2955,3
Sn+2,Sn(+2),Sn+2,aq,DEW17,NA,26.Sep.17,-6630,-2100,-3.8,-11.200138799383817,-15.499903172603366,0.5854856451575402,-8.907840514697478,8.523470725489313,-2.4107498731224064,11.450338738309945,-5.3160682734344835,1.286,2
SO2,SO2(0),SO2,aq,DEW17,NA,26.Sep.17,-71980,-77194,38.7,46.60026118387675,38.50002556738787,8.87944692284391,4.170978064640417,1.3407751693794658,-2.9514282331922352,31.209951244013425,6.457873203155693,-0.2461,0
SO3-2,SO3(-2),SO3-2,aq,DEW17,NA,26.Sep.17,-116300,-151900,-7,-76.10000005716259,5.6000958060462365,6.832209572596872,-7.1273989047904145,3.987987339722526,-2.4843533292759643,-7.836860939278338,-18.536170011644018,3.321,-2
SO4-2,SO4(-2),SO4-2,aq,DEW17,NA,26.Sep.17,-177930,-217400,4.5,-63.92004263689766,13.879913272326535,8.3014,-1.9846,-6.2122,-2.697,1.64,-17.998,3.1463,-2
Sr+2,Sr(+2),Sr+2,aq,DEW17,NA,26.Sep.17,-134760,-131670,-7.53,-10.05006004734174,-17.41003720564184,0.04037131456804732,-9.063209032277541,8.91925530288547,-2.4043269386056467,10.745194374428308,-5.081797231643512,1.1363,2
SrCl+,SrCl(+),SrCl+,aq,DEW17,NA,26.Sep.17,-165800,-169790,11,11.249789603311655,11.1,3.8601745410200743,-0.607867154635422,5.34779159783803,-2.753870771827372,16.294639498611144,-0.7430178578054161,0.3837,1
Tb+3,Tb(+3),Tb+3,aq,DEW17,NA,26.Sep.17,-159500,-166900,-54,-40.499406414091936,-40.19992759586701,-7.703624086396812,-2.547191059983055,13.596812496671156,-2.6736991215803005,4.252055896920872,-11.284329086550528,2.3685,3
Tl+,Tl(+),Tl+,aq,DEW17,NA,26.Sep.17,-7740,1280,30,-4.199832262448079,18.200209424471126,4.0940861204212355,3.2852648979235513,4.76341717795857,-2.91481285088016,5.089011850912437,-3.890105831860674,0.1502,1
Tl+3,Tl(+3),Tl+3,aq,DEW17,NA,26.Sep.17,51300,47000,-46,-39.299870843408826,-39.30003805482065,-7.390370369539112,-2.7769574511721333,13.403936537994664,-2.6642005789685443,4.760666858112071,-11.039983690802377,2.3474,3
Tm+3,Tm(+3),Tm+3,aq,DEW17,NA,26.Sep.17,-159900,-168500,-58.1,-34.29966155281188,-42.99965957896957,-8.678989776303982,-1.8317765489992262,14.197362729205066,-2.703274357464372,8.482480224704886,-10.02144105830778,2.4333,3
toluene,TOLUENE,C6H5CH3,aq,DEW17,NA,26.Sep.17,30260,3280,44,109,97.5,20.31677511233823,15.060449083902592,-7.789943083516613,-3.401598965128533,67.37560084029316,19.168699999999998,-0.29,0
U+4,U(+4),U+4,aq,DEW17,NA,26.Sep.17,-126650,-141300,-99.6,0.20012727305733335,-53.29995937629369,-15.6513533917693,11.326313308926565,17.61892578328103,-3.2472297921910243,40.21936924267919,-2.9938340744782215,3.6835,4
UO2+2,UO2(+2),UO2+2,aq,DEW17,NA,26.Sep.17,-227680,-243550,-23.5,8.954626075229692,5.729981830745064,5.7347169410388465,-7.440206317202073,4.784830557744061,-2.4714218708468665,24.403743482123303,-1.210542668475712,1.4099,2
urea,UREA,CH4N2O,aq,DEW17,NA,26.Sep.17,-48720,-76100,42.3,20.990312857220378,44.020097839413175,10.1,5.37,0.333,-3,30.7,-4.42,0.079,0
VO+2,VO(+2),VO+2,aq,DEW17,NA,26.Sep.17,-106700,-116300,-32,-11.999727126539492,-29.399991855776864,-2.583603811625626,-9.811094572330765,10.824413226903925,-2.373409350379846,13.390887047206338,-5.478944415676095,1.5475,2
VO2+,VO2(+),VO2+,aq,DEW17,NA,26.Sep.17,-140300,-155300,-10.1,31.100091111776393,-33.500025437090166,-1.3780471312323965,-17.219814939973684,10.788960245060967,-2.067132850381488,30.84492324828051,3.3004885594688513,0.7003,1
WO4-2,WO4(-2),WO4-2,aq,DEW17,NA,26.Sep.17,-219150,-257100,9.7,-44.4994484297695,32.200362202689455,13.041572762864355,-5.357605854321902,-0.5203699868985101,-2.557516573982333,8.330973288821685,-12.099137645144047,3.0657,-2
xenon,Xe(0),Xe,aq,DEW17,NA,26.Sep.17,3225,-4510,14.62,64.80000429948991,42.60025861402371,7.5196,10.5793,1.5919,-3.2163,42.1036,10.1652,-0.2214,0
Y+3,Y(+3),Y+3,aq,DEW17,NA,26.Sep.17,-163800,-170900,-60,-35.700001530059104,-40.80013234717802,-7.915635120509523,-2.391684492689959,13.727351511067141,-2.680127763072197,7.163380312370119,-10.306690311673039,2.3792,3
Yb+2,Yb(+2),Yb+2,aq,DEW17,NA,26.Sep.17,-128500,-126800,-11.2,0.7003047748668187,-10.300115853237205,1.7947997244860274,-8.56316174686765,7.6454386596130535,-2.4249988933844917,17.89499416297046,-2.891947917359629,1.2285,2
Yb+3,Yb(+3),Yb+3,aq,DEW17,NA,26.Sep.17,-153000,-160300,-56.9,-36.39963426393271,-44.49999408257249,-9.223324979454068,-1.4325157310285168,14.53251972335698,-2.7197797996792814,7.353107965850789,-10.449205499563092,2.4443,3
Zn+2,Zn(+2),Zn+2,aq,DEW17,NA,26.Sep.17,-35200,-36660,-26.2,-6.30028170056892,-24.30009425172303,-1.4174244108920027,-9.478710053053033,9.9776994360771,-2.387150126406788,15.901036927652514,-4.3179673824058895,1.4574,2
ZnCl+,ZnCl(+),ZnCl+,aq,DEW17,NA,26.Sep.17,-66850,-66240,23,19.899908778598967,4.8,2.5497380939707193,-1.8555326475113212,6.393947289805003,-2.702292280351882,19.69477679709733,1.0190114182006091,0.2025,1
ZnCl2,ZnCl2(0),ZnCl2,aq,DEW17,NA,26.Sep.17,-98300,-109080,27.03,34.66010145499313,26,6.551633118168459,1.9546684034788493,3.1991298168588314,-2.8598059917998158,26.129472655770016,4.0256626663821,-0.038,0
ZnCl3-,ZnCl3(-),ZnCl3-,aq,DEW17,NA,26.Sep.17,-129310,-151060,25,41.97,43.9,10.64641103252129,5.853303179878626,-0.06983849677929577,-3.0209755534561826,42.291631925794945,5.514689,1.2513,-1
