name,abbrv,formula,state,ref1,ref2,date,model,E_units,G,H,S,Cp,V,a1.a,a2.b,a3.c,a4.d,c1.e,c2.f,omega.lambda,z.T
Li+,Li+,Li+,aq,SH88,NA,1997-11-06,HKF,cal,-69933,-66552,2.7,14.2,-0.87,-0.0237,-0.069,11.58,-2.7761,19.2,-0.24,0.4862,1
Na+,Na+,Na+,aq,SH88,NA,1997-11-06,HKF,cal,-62591,-57433,13.96,9.06,-1.11,1.839,-2.285,3.256,-2.726,18.18,-2.981,0.3306,1
K+,K+,K+,aq,SH88,NA,1997-11-06,HKF,cal,-67510,-60270,24.15,1.98,9.06,3.559,-1.473,5.435,-2.712,7.4,-1.791,0.1927,1
Rb+,Rb+,Rb+,aq,SH88,NA,1997-11-06,HKF,cal,-67800,-60020,28.8,-3,14.26,4.2913,-0.9041,7.407,-2.7416,5.7923,-3.6457,0.1502,1
Cs+,Cs+,Cs+,aq,SH88,NA,1997-11-06,HKF,cal,-69710,-61670,31.75,-6.29,21.42,6.1475,-0.1309,4.2094,-2.7736,6.27,-5.736,0.0974,1
Mg+2,Mg+2,Mg+2,aq,SH88,NA,1997-11-06,HKF,cal,-108505,-111367,-33,-5.34,-21.55,-0.8217,-8.599,8.39,-2.39,20.8,-5.892,1.5372,2
Ca+2,Ca+2,Ca+2,aq,SH88,NA,1997-11-06,HKF,cal,-132120,-129800,-13.5,-7.53,-18.06,-0.1947,-7.252,5.2966,-2.4792,9,-2.522,1.2366,2
Sr+2,Sr+2,Sr+2,aq,SH88,NA,1997-11-06,HKF,cal,-134760,-131670,-7.53,-10.05,-17.41,0.7071,-10.1508,7.0027,-2.3594,10.7452,-5.0818,1.1363,2
Ba+2,Ba+2,Ba+2,aq,SH88,NA,1997-11-06,HKF,cal,-134030,-128500,2.3,-12.3,-12.6,2.7383,-10.0565,-0.047,-2.3633,3.8,-3.45,0.985,2
HCO3-,HCO3-,HCO3-,aq,SH88,NA,1997-11-06,HKF,cal,-140282,-164898,23.53,-8.46,24.6,7.5621,1.1505,1.2346,-2.8266,12.9395,-4.7579,1.2733,-1
CO3-2,CO3-2,CO3-2,aq,SH88,NA,1997-11-06,HKF,cal,-126191,-161385,-11.95,-69.5,-5.02,2.8524,-3.9844,6.4142,-2.6143,-3.3206,-17.1917,3.3914,-2
Pb+2,Pb+2,Pb+2,aq,SH88,NA,1997-11-06,HKF,cal,-5710,220,4.2,-12.7,-15.6,-0.0051,-7.7939,8.8134,-2.4568,8.6624,-5.6216,1.0788,2
NO3-,NO3-,NO3-,aq,SH88,NA,1997-11-06,HKF,cal,-26507,-49429,35.12,-16.4,29,7.3161,6.7824,-4.6838,-3.0594,7.7,-6.725,1.0977,-1
NO2-,NO2-,NO2-,aq,SH88,NA,1997-11-06,HKF,cal,-7700,-25000,29.4,-23.3,25,5.5864,5.859,3.4472,-3.0212,3.426,-7.7808,1.1847,-1
NH4+,NH4+,NH4+,aq,SH88,NA,1997-11-06,HKF,cal,-18990,-31850,26.57,15.74,18.13,3.8763,2.3448,8.5605,-2.8759,17.45,-0.021,0.1502,1
H2PO4-,H2PO4-,H2PO4-,aq,SH88,NA,1997-11-06,HKF,cal,-270140,-309820,21.6,-7,31.3,6.4875,8.0594,2.5823,-3.1122,14.0435,-4.4605,1.3003,-1
HPO4-2,HPO4-2,HPO4-2,aq,SH88,NA,1997-11-06,HKF,cal,-260310,-308815,-8,-58.3,5.4,3.6315,1.0857,5.3233,-2.8239,2.7357,-14.9103,3.3363,-2
OH-,OH-,OH-,aq,SH88,NA,1997-11-06,HKF,cal,-37595,-54977,-2.56,-32.79,-4.18,1.2527,0.0738,1.8423,-2.7821,4.15,-10.346,1.7246,-1
HS-,HS-,HS-,aq,SH88,NA,1997-11-07,HKF,cal,2860,-3850,16.3,-22.17,20.65,5.0119,4.9799,3.4765,-2.9849,3.42,-6.27,1.441,-1
HSO3-,HSO3-,HSO3-,aq,SH88,NA,1997-11-07,HKF,cal,-126130,-149670,33.4,-1.4,33.3,6.7014,8.5816,2.3771,-3.1338,15.6949,-3.3198,1.1233,-1
SO4-2,SO4-2,SO4-2,aq,SH88,NA,1997-11-07,HKF,cal,-177930,-217400,4.5,-64.38,13.88,8.3014,-1.9846,-6.2122,-2.697,1.64,-17.998,3.1463,-2
HSO4-,HSO4-,HSO4-,aq,SH88,NA,1997-11-07,HKF,cal,-180630,-212500,30,5.3,35.2,6.9788,9.259,2.1108,-3.1618,20.0961,-1.955,1.1748,-1
S2O3-2,S2O3-2,S2O3-2,aq,SH88,NA,1997-11-07,HKF,cal,-124900,-155000,16,-57.3,28.5,6.6685,12.4951,-7.7281,-3.2955,-0.0577,-14.7066,2.9694,-2
S2O8-2,S2O8-2,S2O8-2,aq,SH88,NA,1997-11-07,HKF,cal,-266500,-321400,58.4,-25,79,13.3622,24.8454,-4.0153,-3.8061,12.9632,-8.1271,2.3281,-2
F-,F-,F-,aq,SH88,NA,1997-11-07,HKF,cal,-67340,-80150,-3.15,-27.23,-1.32,0.687,1.3588,7.6033,-2.8352,4.46,-7.488,1.787,-1
Cl-,Cl-,Cl-,aq,SH88,NA,1997-11-07,HKF,cal,-31379,-39933,13.56,-29.44,17.79,4.032,4.801,5.563,-2.847,-4.4,-5.714,1.456,-1
ClO3-,ClO3-,ClO3-,aq,SH88,NA,1997-11-07,HKF,cal,-1900,-24850,38.8,-12.3,36.9,7.1665,9.7172,1.9307,-3.1807,8.5561,-5.5401,1.0418,-1
Br-,Br-,Br-,aq,SH88,NA,1997-11-07,HKF,cal,-24870,-29040,19.8,-30.42,24.85,5.269,6.594,4.745,-3.143,-3.8,-6.811,1.3858,-1
BrO3-,BrO3-,BrO3-,aq,SH88,NA,1997-11-07,HKF,cal,4450,-16030,38.65,-20.6,35.4,6.9617,9.2173,2.1272,-3.16,3.7059,-7.2308,1.0433,-1
I-,I-,I-,aq,SH88,NA,1997-11-07,HKF,cal,-12410,-13600,25.5,-28.25,36.31,7.7623,8.2762,1.4609,-3.1211,-6.27,-4.944,1.2934,-1
IO3-,IO3-,IO3-,aq,SH88,NA,1997-11-07,HKF,cal,-30600,-52900,28.3,-16.2,25.9,5.7148,6.1725,3.324,-3.0342,7.7293,-6.3345,1.2002,-1
Ni+2,Ni+2,Ni+2,aq,SH88,NA,1997-11-07,HKF,cal,-10900,-12900,-30.8,-11.7,-29,-1.6942,-11.9181,10.4344,-2.2863,13.1905,-5.4179,1.5067,2
Cd+2,Cd+2,Cd+2,aq,SH88,NA,1997-11-07,HKF,cal,-18560,-18140,-17.4,-3.5,-15.6,0.0537,-10.708,16.5176,-2.3363,15.6573,-3.7476,1.2528,2
La+3,La+3,La+3,aq,SH88,NA,1997-11-07,HKF,cal,-164000,-169600,-52,-37.2,-38.6,-2.788,-14.3824,10.9602,-2.1844,4.2394,-10.6122,2.1572,3
Nd+3,Nd+3,Nd+3,aq,SH88,NA,1997-11-07,HKF,cal,-160600,-166500,-49.5,-43.2,-43.1,-3.3707,-14.5452,8.3211,-2.1777,1.6236,-11.8344,2.255,3
Sm+3,Sm+3,Sm+3,aq,SH88,NA,1997-11-07,HKF,cal,-159100,-165200,-50.7,-43.3,-42,-3.2065,-15.6108,11.8857,-2.1337,1.9385,-11.8548,2.2955,3
Eu+3,Eu+3,Eu+3,aq,SH88,NA,1997-11-07,HKF,cal,-137300,-144700,-53,-36.6,-41.3,-3.1037,-15.3599,11.7871,-2.144,6.0548,-10.49,2.3161,3
Gd+3,Gd+3,Gd+3,aq,SH88,NA,1997-11-07,HKF,cal,-158600,-164200,-49.2,-35.9,-40.4,-2.9771,-15.0506,11.6656,-2.1568,6.5606,-10.3474,2.3265,3
Dy+3,Dy+3,Dy+3,aq,SH88,NA,1997-11-07,HKF,cal,-158700,-166500,-55.2,-31.7,-40.7,-3.0003,-15.1074,11.6879,-2.1545,9.5076,-9.4919,2.3792,3
Ho+3,Ho+3,Ho+3,aq,SH88,NA,1997-11-07,HKF,cal,-161400,-169000,-54.3,-33.3,-41.6,-3.1198,-15.3992,11.8026,-2.1424,8.6686,-9.8178,2.3899,3
Er+3,Er+3,Er+3,aq,SH88,NA,1997-11-07,HKF,cal,-159900,-168500,-58.3,-34.3,-43,-3.3041,-15.8492,11.9794,-2.1238,8.2815,-10.0215,2.4115,3
Tm+3,Tm+3,Tm+3,aq,SH88,NA,1997-11-07,HKF,cal,-159900,-168500,-58.1,-34.3,-43,-3.2967,-15.8312,11.9724,-2.1245,8.4826,-10.0215,2.4333,3
Yb+3,Yb+3,Yb+3,aq,SH88,NA,1997-11-07,HKF,cal,-153000,-160300,-56.9,-36.4,-44.6,-3.4983,-16.3233,12.1658,-2.1042,7.3533,-10.4493,2.4443,3
Lu+3,Lu+3,Lu+3,aq,SH88,NA,1997-11-07,HKF,cal,-159400,-167900,-63.1,-32,-45,-3.563,-16.4812,12.2279,-2.0977,9.565,-9.716,2.4554,3
BO2-,BO2-,BO2-,aq,SH88,NA,1997-11-06,HKF,cal,-162240,-184600,-8.9,-41,-14.5,-2.2428,-6.2065,-6.3216,-2.5224,-1.6521,-11.3863,1.7595,-1
BF4-,BF4-,BF4-,aq,SH88,NA,1988-02-16,HKF,cal,-355400,-376400,43,-5.6,43,7.9796,11.7027,1.1504,-3.2628,11.8941,-4.1753,0.9779,-1
SiF6-2,SiF6-2,SiF6-2,aq,SH88,NA,1988-02-16,HKF,cal,-525700,-571000,29.2,-47.1,42.6,8.5311,13.0492,0.6211,-3.3185,4.097,-12.6289,2.7716,-2
S2-2,S2-2,S2-2,aq,SH88,NA,1987-07-03,HKF,cal,19000,7200,6.8,-65.1,20.2,5.5797,5.8426,3.4536,-3.0205,-3.3496,-16.2955,3.1083,-2
S3-2,S3-2,S3-2,aq,SH88,NA,1987-07-03,HKF,cal,17600,6200,15.8,-57.9,29.2,6.7661,8.7396,2.315,-3.1403,-0.3595,-14.8288,2.9749,-2
S4-2,S4-2,S4-2,aq,SH88,NA,1987-07-03,HKF,cal,16500,5500,24.7,-50.7,38.1,7.9381,11.6012,1.1902,-3.2586,2.6081,-13.3622,2.839,-2
S5-2,S5-2,S5-2,aq,SH88,NA,1987-07-03,HKF,cal,15700,5100,33.6,-43.6,47,9.1107,14.4645,0.0649,-3.377,5.5361,-11.9159,2.7051,-2
HF2-,HF2-,HF2-,aq,SH88,NA,1987-07-12,HKF,cal,-138160,-155340,22.1,-33.2,22.1,5.2263,4.9797,3.7928,-2.9849,-1.3751,-9.7974,1.2934,-1
Br3-,Br3-,Br3-,aq,SH88,NA,1987-07-12,HKF,cal,-25590,-31170,51.5,5.6,51.5,9.0992,14.4364,0.0759,-3.3758,17.2705,-1.8939,0.849,-1
I3-,I3-,I3-,aq,SH88,NA,1987-07-12,HKF,cal,-12300,-12300,57.2,13.1,57.2,9.85,16.2697,-0.6447,-3.4516,20.8712,-0.3661,0.7628,-1
Ag+2,Ag+2,Ag+2,aq,SH88,NA,1988-02-16,HKF,cal,64300,64200,-21,-5.3,-19.3,-0.4299,-8.831,9.221,-2.4139,15.2224,-4.1142,1.3201,2
Hg+2,Hg+2,Hg+2,aq,SH88,NA,1987-07-01,HKF,cal,39360,40670,-8.68,2.2,-19.6,-0.528,-9.0707,9.3152,-2.404,18.0613,-2.5865,1.1512,2
Cu+2,Cu+2,Cu+2,aq,SH88,NA,1997-11-07,HKF,cal,15675,15700,-23.2,-5.7,-24.6,-1.1021,-10.4726,9.8662,-2.3461,20.3,-4.39,1.4769,2
He,NA,He,aq,SHS89,NA,1987-07-13,HKF,cal,4658,-150,14.02,37.3,13,3.4722,0.6967,5.4762,-2.8078,26.0707,4.5634,-0.2123,0
H2,NA,H2,aq,SHS89,NA,1987-07-13,HKF,cal,4236,-1000,13.8,39.9,25.2,5.1427,4.7758,3.8729,-2.9764,27.6251,5.093,-0.209,0
O2,NA,O2,aq,SHS89,NA,1987-06-26,HKF,cal,3954,-2900,26.04,56,30.38,5.7889,6.3536,3.2528,-3.0417,35.353,8.3726,-0.3943,0
NH3,NA,NH3,aq,SHS89,NA,1987-07-13,HKF,cal,-6383,-19440,25.77,15.63,24.43,5.0911,2.797,8.6248,-2.8946,20.3,-1.17,-0.05,0
H2S,NA,H2S,aq,SHS89,NA,1987-06-26,HKF,cal,-6673,-9001,30,42.88,34.92,6.5097,6.7724,5.9646,-3.059,32.3,4.73,-0.1,0
B(OH)3,NA,B(OH)3,aq,SHS89,NA,1987-07-13,HKF,cal,-231540,-256820,37,12,39.22,7.0643,8.8547,3.5844,-3.1451,11.3568,-0.5902,-0.2,0
SiO2,NA,SiO2,aq,SHS89,NA,1989-01-13,HKF,cal,-199190,-209775,18,-76.1,16.1,1.9,1.7,20,-2.7,29.1,-51.2,0.1291,0
H3PO4,NA,H3PO4,aq,SHS89,NA,1987-07-11,HKF,cal,-273100,-307920,38,23.6,48.1,8.2727,12.4182,0.8691,-3.2924,17.9708,1.7727,-0.22,0
Ne,NA,Ne,aq,SHS89,NA,1987-07-13,HKF,cal,4565,-870,16.74,39.7,20.4,4.4709,3.1352,4.5177,-2.9086,27.0977,5.0523,-0.2535,0
Kr,NA,Kr,aq,SHS89,NA,1987-07-13,HKF,cal,3554,-3650,15.06,57.6,33.5,6.2721,7.5333,2.7891,-3.0904,37.8226,8.6985,-0.2281,0
Rn,NA,Rn,aq,SHS89,NA,1987-07-13,HKF,cal,2790,-5000,16,83,54.1,9.0862,14.4045,0.0884,-3.3745,52.5774,13.8725,-0.2423,0
N2,NA,N2,aq,SHS89,NA,1989-02-07,HKF,cal,4347,-2495,22.9,56,33.3,6.2046,7.3685,2.8539,-3.0836,35.7911,8.3726,-0.3468,0
SO2,NA,SO2,aq,SHS89,NA,1987-07-13,HKF,cal,-71980,-77194,38.7,35.48,38.5,6.9502,9.189,2.1383,-3.1589,31.2101,6.4578,-0.2461,0
HF,NA,HF,aq,SHS89,NA,1989-02-07,HKF,cal,-71662,-76835,22.5,14,12.5,3.4753,0.7042,5.4732,-2.8081,14.3647,-0.1828,-0.0007,0
MgSO4,MgSO4,MgSO4,aq,MS97,SLOP98.11,1994-11-28,HKF,cal,-289477,-327367,-13.5,NA,NA,1.9369,-3.0547,6.9554,-2.6526,-6.839,-7.4589,-0.03,0
NaSO4-,NaSO4-,NaSO4-,aq,MS97,SLOP98.11,1994-11-28,HKF,cal,-241476,-273733,25.46,NA,NA,6.4638,8.0045,2.597,-3.1098,14.4928,-4.1182,1.2422,-1
NaCl,NaCl,NaCl,aq,SSH97,NA,1997-09-16,HKF,cal,-92910,-96160,28,8.5,24,5.0364,4.5189,3.9669,-2.9658,10.798,-1.3031,-0.038,0
PbCl+,PbCl+,PbCl+,aq,SSH97,NA,1997-09-16,HKF,cal,-39050,-38630,28,4.9,8.53,2.9756,-0.513,5.9446,-2.7577,10.2182,-2.0364,0.1281,1
PbCl2,PbCl2,PbCl2,aq,SSH97,NA,1997-09-16,HKF,cal,-71200,-77700,47,2,35.74,6.6429,8.4416,2.4251,-3.1279,6.9886,-2.6272,-0.038,0
PbCl3-,PbCl3-,PbCl3-,aq,SSH97,NA,1997-09-16,HKF,cal,-102150,-117700,59,-11.9,66.07,11.0547,19.2141,-1.8089,-3.5733,5.9698,-5.4586,0.7356,-1
NiCl+,NiCl+,NiCl+,aq,SSH97,NA,1997-09-16,HKF,cal,-40920,-51400,-17,8.1,-6.63,1.1319,-5.0147,7.714,-2.5716,18.3863,-1.3846,0.8111,1
FeCl+,FeCl+,FeCl+,aq,SSH97,NA,1997-09-18,HKF,cal,-53030,-61260,-10.06,20.6,1.06,2.1468,-2.5367,6.7401,-2.6741,24.6912,1.1617,0.7003,1
MgCl+,MgCl+,MgCl+,aq,SSH97,NA,1997-09-18,HKF,cal,-139700,-150933,-19,25,1.26,2.223,-2.3505,6.6669,-2.6818,28.6016,2.058,0.8449,1
MgF+,MgF+,MgF+,aq,SSH97,NA,1997-09-18,HKF,cal,-177690,-190950,-28.07,39.1,-17.47,-0.2975,-8.5049,9.0858,-2.4274,38.0239,4.9301,0.9706,1
CaF+,CaF+,CaF+,aq,SSH97,NA,1997-09-18,HKF,cal,-200390,-208600,-9,30.1,-13.46,0.1568,-7.3958,8.6499,-2.4732,30.1743,3.0968,0.6911,1
Fe(Ac)+,Fe(Ac)+,FeCH3COO+,aq,SSH97,NA,1997-09-18,HKF,cal,-111900,-139060,-1.5,81.3,23.86,5.2246,4.9785,3.7863,-2.9848,59.116,13.5263,0.5756,1
Fe(Ac)2,Fe(Ac)2,Fe(CH3COO)2,aq,SSH97,NA,1997-09-18,HKF,cal,-201800,-259100,11.53,184.2,76.13,12.1698,21.937,-2.8791,-3.6858,113.7691,34.487,-0.038,0
KSO4-,KSO4-,KSO4-,aq,SSH97,NA,1997-09-18,HKF,cal,-246640,-276980,35,-10.9,27.8,5.9408,6.7274,3.0989,-3.0571,9.9089,-5.2549,1.0996,-1
CaSO4,CaSO4,CaSO4,aq,SSH97,NA,1997-09-18,HKF,cal,-312930,-345900,5,-25,4.7,2.4079,-1.8992,6.4895,-2.7004,-8.4942,-8.1271,-0.001,0
HSiO3-,HSiO3-,HSiO3-,aq,SSH97,NA,1997-09-18,HKF,cal,-242801,-273872,5,-21,5,2.9735,-0.5158,5.9467,-2.7575,8.1489,-7.3123,1.5511,-1
LiCl,LiCl,LiCl,aq,SSH97,NA,1997-09-18,HKF,cal,-99250,-105680,13.14,20.3,28,5.5837,5.8554,3.4416,-3.021,17.7136,1.1006,-0.038,0
KCl,KCl,KCl,aq,SSH97,NA,1997-09-18,HKF,cal,-95430,-95390,42.25,-8.3,38.3,6.9932,9.297,2.0889,-3.1633,0.9522,-4.7253,-0.038,0
RbCl,RbCl,RbCl,aq,SSH97,NA,1997-09-18,HKF,cal,-97870,-96800,48.56,-20,41.6,7.4542,10.4227,1.6465,-3.2098,-5.6468,-7.1086,-0.01,0
CsCl,CsCl,CsCl,aq,SSH97,NA,1997-09-18,HKF,cal,-100900,-100950,52.58,-24,48,8.401,12.7344,0.7379,-3.3054,-6.0563,-7.9234,0.2,0
NaF,NaF,NaF,aq,SSH97,NA,1997-09-18,HKF,cal,-128570,-135860,12,11.2,5.71,2.5336,-1.5922,6.3689,-2.7131,12.3804,-0.7531,-0.038,0
RbF,RbF,RbF,aq,SSH97,NA,1997-09-18,HKF,cal,-136450,-139710,31.6,-16,19,4.3647,2.8788,4.6115,-2.898,-3.2196,-6.2938,-0.001,0
NaBr,NaBr,NaBr,aq,SSH97,NA,1997-09-18,HKF,cal,-85610,-84830,34.1,7.97,32.04,6.1257,7.1789,2.9214,-3.0757,10.1926,-1.4111,-0.07,0
KBr,KBr,KBr,aq,SSH97,NA,1997-09-18,HKF,cal,-90010,-86320,47.5,-7.97,46,8.058,11.897,1.067,-3.2708,1.4496,-4.658,-0.005,0
RbBr,RbBr,RbBr,aq,SSH97,NA,1997-09-18,HKF,cal,-91010,-85730,54.2,-19.19,49,8.4668,12.8952,0.6747,-3.312,-5.172,-6.9436,-0.01,0
CsBr,CsBr,CsBr,aq,SSH97,NA,1997-09-18,HKF,cal,-94610,-88490,57.3,-26.57,57,9.5646,15.5757,-0.3789,-3.4228,-9.4143,-8.4469,-0.001,0
NaI,NaI,NaI,aq,SSH97,NA,1991-01-00,HKF,cal,-72900,-69101,37.7,10.14,43,7.6488,10.8979,1.4597,-3.2295,12.1001,-0.969,-0.001,0
KI,KI,KI,aq,SSH97,NA,1997-09-18,HKF,cal,-77740,-71829,49.2,-5.8,59,9.8369,16.2406,-0.6402,-3.4503,2.7214,-4.216,-0.005,0
RbI,RbI,RbI,aq,SSH97,NA,1997-09-18,HKF,cal,-78900,-71720,56.3,-17.02,64,10.5225,17.9145,-1.2982,-3.5195,-3.8174,-6.5015,-0.001,0
CsI,CsI,CsI,aq,SSH97,NA,1997-09-18,HKF,cal,-83460,-77820,60.3,-24.4,72,11.6513,20.6709,-2.3815,-3.6335,-7.212,-8.0048,0.1,0
Ag(CO3)-,Ag(CO3)-,Ag(CO3)-,aq,SSH97,NA,1997-09-29,HKF,cal,-111430,-142490,0,-10.2,-0.42,2.2588,-2.2632,6.6326,-2.6854,15.2147,-5.1123,1.631,-1
Ag(CO3)2-3,Ag(CO3)2-3,Ag(CO3)2-3,aq,SSH97,NA,1997-09-29,HKF,cal,-236890,-304200,-19,-28.3,1.64,3.7128,1.2872,5.2371,-2.8322,36.5589,-8.7993,5.0992,-3
MgCO3,MgCO3,MgCO3,aq,SSH97,NA,1997-10-01,HKF,cal,-238760,-270570,-24,-27.4,-18.18,-0.7355,-9.5745,9.5062,-2.3831,-10.2416,-8.6159,-0.038,0
CaCO3,CaCO3,CaCO3,aq,SSH97,NA,1997-10-02,HKF,cal,-262850,-287390,2.5,-29.6,-15.66,-0.3907,-8.7325,9.1753,-2.4179,-11.5309,-9.0641,-0.038,0
SrCO3,SrCO3,SrCO3,aq,SSH97,NA,1997-10-02,HKF,cal,-264860,-288620,8.5,-32.1,-15.24,-0.3332,-8.5922,9.1201,-2.4237,-12.9961,-9.5733,-0.038,0
BaCO3,BaCO3,BaCO3,aq,SSH97,NA,1997-10-02,HKF,cal,-263830,-285850,16,-34.4,-11.81,0.1361,-7.4461,8.6697,-2.4711,-14.344,-10.0418,-0.038,0
NaHSiO3,NaHSiO3,NaHSiO3,aq,SSH97,NA,1997-10-02,HKF,cal,-307890,-333894,10,24.61,12.72,3.4928,0.75,5.4483,-2.81,20.2395,1.9785,-0.038,0
KHSO4,KHSO4,KHSO4,aq,SSH97,NA,1997-10-02,HKF,cal,-243400,-267400,55,57.72,53.77,9.1226,14.4964,0.0453,-3.3782,39.9849,8.723,-0.001,0
SrF+,SrF+,SrF+,aq,SSH97,NA,1997-10-02,HKF,cal,-202290,-210670,-6.2,16.11,-12.79,0.2336,-7.2081,8.5761,-2.481,21.5706,0.2471,0.6472,1
BaF+,BaF+,BaF+,aq,SSH97,NA,1997-10-09,HKF,cal,-201807,-206931,6.38,10.71,-7,0.916,-5.542,7.9213,-2.5498,16.7731,-0.8065,0.4555,1
CaCl+,CaCl+,CaCl+,aq,SSH97,NA,1997-10-02,HKF,cal,-163100,-168607,4.5,17.47,5.74,2.7148,-1.1497,6.1949,-2.7314,20.8839,0.5241,0.4862,1
CaCl2,CaCl2,CaCl2,aq,SSH97,NA,1997-10-02,HKF,cal,-194000,-211060,6,30.96,32.64,6.2187,7.4058,2.8322,-3.0851,23.961,3.272,-0.038,0
SrCl+,SrCl+,SrCl+,aq,SSH97,NA,1997-10-02,HKF,cal,-165800,-169790,11,11.84,6.41,2.7719,-1.0104,6.1402,-2.7372,16.6402,-0.6227,0.3837,1
BaCl+,BaCl+,BaCl+,aq,SSH97,NA,1997-10-02,HKF,cal,-164730,-165323,24,6.67,11.87,3.4534,0.6537,5.4861,-2.806,11.8213,-1.6759,0.1895,1
FeCl2,FeCl2,FeCl2,aq,SSH97,NA,1997-10-02,HKF,cal,-73480,-78490,43,29.2,27.43,5.5057,5.665,3.5164,-3.0131,22.9295,2.9135,-0.038,0
MnCl+,MnCl+,MnCl+,aq,SSH97,NA,1997-10-02,HKF,cal,-86290,-88280,12,25.12,6.74,2.8119,-0.9126,6.1017,-2.7412,24.2838,2.0824,0.3686,1
PbCl4-2,PbCl4-2,PbCl4-2,aq,SSH97,NA,1997-10-02,HKF,cal,-133177,-159209,66,-35.18,99.86,16.1777,31.723,-6.7255,-4.0904,5.9335,-10.2007,2.2126,-2
AgCl4-3,AgCl4-3,AgCl4-3,aq,SSH97,NA,1997-10-02,HKF,cal,-112280,-150616,35,16.09,122.97,20.0386,41.1504,-10.4309,-4.4801,55.0238,0.243,4.2796,-3
AgNO3,AgNO3,AgNO3,aq,SSH97,NA,1997-10-02,HKF,cal,-7738,-23320,49,31.28,36.64,6.766,8.7423,2.3069,-3.1404,24.1485,3.3372,-0.038,0
MnSO4,MnSO4,MnSO4,aq,SSH97,NA,1997-10-02,HKF,cal,-235640,-266750,5,-20.6,2.8,2.1354,-2.5645,6.751,-2.6729,-6.2564,-7.2308,-0.038,0
BeCl+,BeCl+,BeCl+,aq,SSH97,NA,1997-10-02,HKF,cal,-115316,-124998,92.31,31.19,-2.06,1.1974,-4.8548,7.6512,-2.5783,16.6475,3.3197,-0.8467,1
BeCl2,BeCl2,BeCl2,aq,SSH97,NA,1997-10-02,HKF,cal,-145521,-156432,130.44,57.74,23.95,5.0297,4.5026,3.9733,-2.9651,39.653,8.7262,-0.038,0
FeCl+2,FeCl+2,FeCl+2,aq,SSH97,NA,1997-10-02,HKF,cal,-37518,-50820,-42.74,3.37,-22.34,-0.7164,-9.5277,9.4878,-2.3851,23.8149,-2.3482,1.7013,2
TlCl,TlCl,TlCl,aq,SSH97,NA,1997-10-02,HKF,cal,-39815,-37819,48.69,-20.63,46.52,8.1182,12.044,1.0092,-3.2768,-6.2744,-7.237,-0.038,0
TlCl+2,TlCl+2,TlCl+2,aq,SSH97,NA,1997-10-02,HKF,cal,9375,671,-18.52,-8.56,-18.32,-0.2904,-8.4877,9.079,-2.4281,13.4748,-4.7774,1.3375,2
AuCl3-2,AuCl3-2,AuCl3-2,aq,SSH97,NA,1997-10-02,HKF,cal,-67811,-86023,61.39,-43.48,103.42,16.6878,32.9687,-7.2151,-4.1419,1.7155,-11.891,2.2827,-2
AuCl4-3,AuCl4-3,AuCl4-3,aq,SSH97,OBIGT.3,1997-10-02,HKF,cal,-35332,23573,-32.72,-1.36,-20.66,-0.5361,-9.0876,9.3148,-2.4033,19.7251,-3.3107,1.5579,-3
HgCl+,HgCl+,HgCl+,aq,SSH97,NA,1997-10-07,HKF,cal,-2155,-7374,11.67,39.07,4.41,2.4941,-1.6886,6.4067,-2.7091,32.5048,4.9238,0.3735,1
HgCl2,HgCl2,HgCl2,aq,SSH97,NA,1997-10-07,HKF,cal,-42838,-56787,24.64,73.1,31.15,6.015,6.9084,3.0277,-3.0645,48.6478,11.856,-0.038,0
HgCl3-,HgCl3-,HgCl3-,aq,SSH97,NA,1997-10-07,HKF,cal,-74504,-99299,30.51,104.29,60.95,10.5003,17.8603,-1.2769,-3.5173,78.0458,18.2101,1.1676,-1
HgCl4-2,HgCl4-2,HgCl4-2,aq,SSH97,NA,1997-10-07,HKF,cal,-106988,-145023,28.36,132.65,94.15,15.5903,30.2888,-6.1618,-4.0311,109.561,23.986,2.7846,-2
BeF+,BeF+,BeF+,aq,SSH97,NA,1997-10-07,HKF,cal,-158493,-177322,59.2,35.46,-21.26,-1.2603,-10.856,10.0098,-2.3302,23.774,4.1893,-0.3447,1
BeF2,BeF2,BeF2,aq,SSH97,NA,1997-10-07,HKF,cal,-231386,-258350,71.72,67.93,-16.64,-0.525,-9.0604,9.3042,-2.4044,45.6271,10.8026,-0.038,0
BeF3-1,BeF3-1,BeF3-,aq,SSH97,NA,1997-10-07,HKF,cal,-302532,-331512,104.78,96.1,-11.5,0.2052,-7.2776,8.6034,-2.4781,62.8555,16.5406,0.0401,-1
BeF4-2,BeF4-2,BeF4-2,aq,SSH97,NA,1997-10-07,HKF,cal,-370691,-386096,190.12,119.97,-5.77,1.0882,-5.1214,7.756,-2.5672,79.5432,21.4033,0.3329,-2
MnF+,MnF+,MnF+,aq,SSH97,NA,1997-10-09,HKF,cal,-123641,-132454,-13.3,29.39,-12.46,0.3136,-7.0128,8.4994,-2.489,30.284,2.9518,0.7483,1
FeF+,FeF+,FeF+,aq,SSH97,NA,1997-10-09,HKF,cal,-91157,-101452,-20.92,20.84,-18.14,-0.4234,-8.8124,9.2067,-2.4146,26.3785,1.2102,0.8683,1
FeF+2,FeF+2,FeF+2,aq,SSH97,NA,1997-10-09,HKF,cal,-79645,-87141,-25.7,7.64,-41.54,-3.4294,-16.152,12.0915,-2.1112,23.9805,-1.4787,1.4477,2
CoF+,CoF+,CoF+,aq,SSH97,NA,2007-10-16,HKF,cal,-81732,-93191,-22.6,21.29,-20.7,-0.7659,-9.6486,9.5354,-2.3801,26.8657,1.3018,0.8926,1
NiF+,NiF+,NiF+,aq,SSH97,NA,1997-10-09,HKF,cal,-79768,-92315,-26.36,12.51,-25.83,-1.4455,-11.308,10.1875,-2.3115,22.317,-0.4857,0.957,1
CuF+,CuF+,CuF+,aq,SSH97,NA,1997-10-09,HKF,cal,-53739,-64285,-18.84,33.66,-20.92,-0.8164,-9.7719,9.5838,-2.375,33.5733,3.8226,0.8334,1
ZnF+,ZnF+,ZnF+,aq,SSH97,NA,1997-10-09,HKF,cal,-104109,-116131,-21.81,24.44,-20.48,-0.7395,-9.5843,9.5101,-2.3827,28.5991,1.9435,0.8803,1
AgF,AgF,AgF,aq,SSH97,NA,1997-10-09,HKF,cal,-49459,-54722,16.74,10.86,6.04,2.5788,-1.4818,6.3255,-2.7177,12.1829,-0.8218,-0.038,0
CdF+,CdF+,CdF+,aq,SSH97,NA,1997-10-09,HKF,cal,-87373,-97544,-13.11,30.74,-10.78,0.5423,-6.4544,8.2799,-2.5121,31.0752,3.2268,0.7483,1
CdF2,CdF2,CdF2,aq,SSH97,NA,1997-10-09,HKF,cal,-155164,-180369,-23.72,58.71,-4.97,1.0718,-5.1614,7.7717,-2.5656,40.2242,8.9247,-0.038,0
TlF,TlF,TlF,aq,SSH97,NA,1997-10-09,HKF,cal,-75216,-77118,33.18,-16.36,27.32,5.4909,5.6287,3.5307,-3.0116,-3.7726,-6.3675,-0.038,0
HgF+,HgF+,HgF+,aq,SSH97,NA,1997-10-09,HKF,cal,-30204,-39512,-4.48,43.34,-14.79,-0.0492,-7.8986,8.8475,-2.4524,37.2987,5.7934,0.6223,1
PbF+,PbF+,PbF+,aq,SSH97,NA,1997-10-09,HKF,cal,-75860,-80591,8.26,10.04,-10.67,0.4488,-6.6827,8.3696,-2.5027,15.9794,-0.9898,0.4266,1
PbF2,PbF2,PbF2,aq,SSH97,NA,1997-10-09,HKF,cal,-145056,-162783,4.48,18.32,-4.85,1.0888,-5.1199,7.7554,-2.5673,16.5543,0.6976,-0.038,0
Pb(HS)2,Pb(HS)2,Pb(HS)2,aq,SSH97,NA,1997-10-09,HKF,cal,-20058,-22851,52.56,38.71,41.88,7.4825,10.4917,1.6193,-3.2127,28.5025,4.8505,-0.038,0
Pb(HS)3-,Pb(HS)3-,Pb(HS)3-,aq,SSH97,NA,1997-10-09,HKF,cal,-18971,-28704,68.08,47.8,75.8,12.3397,22.3518,-3.0422,-3.703,39.6902,6.7025,0.598,-1
MgHSiO3+,Mg(HSiO3)+,Mg(HSiO3)+,aq,SSH97,NA,1997-10-09,HKF,cal,-353025,-385700,-23.78,37.82,-10.57,0.6289,-6.2428,8.1967,-2.5209,36.7882,4.6702,0.9177,1
CaHSiO3+,Ca(HSiO3)+,Ca(HSiO3)+,aq,SSH97,NA,1997-10-09,HKF,cal,-376299,-403109,-1.99,32.87,-6.56,1.0647,-5.1787,7.7785,-2.5649,30.8048,3.6619,0.5831,1
CuCl3-2,CuCl3-2,CuCl3-2,aq,SSH97,NA,1997-10-02,HKF,cal,-89963,-118524,23.28,53.72,76.86,13.2482,24.57,-3.914,-3.7947,63.9808,7.9089,2.8579,-2
CuCl+,CuCl+,CuCl+,aq,SSH97,NA,1997-10-02,HKF,cal,-16250,-23847,-6.51,29.39,-1.72,1.748,-3.5103,7.1228,-2.6338,29.356,2.953,0.6472,1
CuCl2,CuCl2,CuCl2,aq,SSH97,NA,1997-10-02,HKF,cal,-46142,-64160,0.78,54.22,24.32,5.0806,4.627,3.9244,-2.9702,37.5948,8.0108,-0.038,0
CuCl3-,CuCl3-,CuCl3-,aq,SSH97,NA,1997-10-02,HKF,cal,-75338,-106846,-2.21,72.39,53.34,9.6259,15.7252,-0.4377,-3.429,63.8881,11.7108,1.6605,-1
CuCl4-2,CuCl4-2,CuCl4-2,aq,SSH97,NA,1997-10-02,HKF,cal,-103579,-152534,-18.48,83.89,85.68,14.6696,28.0407,-5.2782,-3.9382,87.5037,14.0532,3.4923,-2
ClO4-,ClO4-,ClO4-,aq,SSWS97,SH88.1,1997-11-07,HKF,cal,-2040,-30910,43.5,-6,44.2,8.1411,15.5654,-7.8077,-3.4224,16.45,-6.57,0.9699,-1
ReO4-,ReO4-,ReO4-,aq,SSWS97,NA,1997-11-07,HKF,cal,-166000,-188200,48.1,-2.4,47.8,8.6103,20.0581,-16.7541,-3.6081,18.93,-7.08,0.9004,-1
TcO4-,TcO4-,TcO4-,aq,SSWS97,NA,1997-11-07,HKF,cal,-151100,-173200,47.5,-2.3,47.8,8.6135,18.7256,-13.3543,-3.553,18.95,-5.95,0.9101,-1
CrO4-2,CrO4-2,CrO4-2,aq,SSWS97,NA,1997-11-07,HKF,cal,-174800,-210930,13.8,-62.6,19.8,5.4891,5.6223,3.5382,-3.0113,-2.8608,-15.7861,3.0024,-2
HCrO4-,HCrO4-,HCrO4-,aq,SSWS97,NA,1997-11-07,HKF,cal,-183700,-210000,46.6,1.5,44.9,8.2211,12.2925,0.9174,-3.2871,15.5492,-2.729,0.923,-1
MnO4-,MnO4-,MnO4-,aq,SSWS97,NA,1997-11-07,HKF,cal,-107600,-129900,46.5,-1.8,42,7.8248,11.3277,1.2912,-3.2472,13.6317,-3.4012,0.9248,-1
Cr2O7-2,Cr2O7-2,Cr2O7-2,aq,SSWS97,NA,1997-11-07,HKF,cal,-312970,-355370,72,-29.1,72.7,12.4303,22.568,-3.1161,-3.7119,8.658,-8.9622,2.1216,-2
MoO4-2,MoO4-2,MoO4-2,aq,SSWS97,NA,1997-11-07,HKF,cal,-200400,-238300,9,-47.5,30.4,6.9651,2.7095,18.6617,-2.8909,6.6829,-12.7102,3.0777,-2
WO4-2,WO4-2,WO4-2,aq,SSWS97,NA,1997-11-07,HKF,cal,-218500,-236500,9.7,-44.5,32.2,7.2074,8.7933,4.4891,-3.1424,8.3308,-12.0991,3.0657,-2
HWO4-,HWO4-,HWO4-,aq,SSWS97,NA,1997-11-07,HKF,cal,-223400,-255000,31.2,30.6,41,7.7661,11.182,1.3532,-3.2412,34.7493,3.1986,1.1559,-1
PO4-3,PO4-3,PO4-3,aq,SSWS97,SH88.1,1997-11-07,HKF,cal,-243500,-305300,-53,-124.6,-30.6,-0.5258,-9.0576,9.2927,-2.4045,-15.1599,-28.4155,5.6114,-3
Ga+3,Ga+3,Ga+3,aq,SSWS97,SH88.1,1997-11-07,HKF,cal,-38000,-50600,-79,-26.5,-40.5,-2.8378,-14.7065,11.5197,-2.1709,16.2356,-8.4326,2.7787,3
Pr+3,Pr+3,Pr+3,aq,SSWS97,SH88.1,1997-11-07,HKF,cal,-162600,-168800,-50,-40.3,-42.8,-3.2061,-14.2894,8.5328,-2.1882,3.9607,-11.2844,2.3369,3
Tb+3,Tb+3,Tb+3,aq,SSWS97,SH88.1,1997-11-07,HKF,cal,-159500,-166900,-54,-35.8,-40.9,-2.9245,-14.9162,11.5979,-2.1623,7.1853,-10.3677,2.4007,3
Mn+2,Mn+2,Mn+2,aq,SSWS97,NA,1997-11-07,HKF,cal,-55100,-52900,-16.2,-4.1,-17.1,-0.1015,-8.004,8.84,-2.448,16.6672,-3.8697,1.4006,2
Co+2,Co+2,Co+2,aq,SSWS97,SH88.1,1997-11-07,HKF,cal,-13000,-13900,-27,-7.8,-25.5,-1.2252,-8.9356,5.3191,-2.4095,15.2013,-4.6234,1.4769,2
Cr+3,Cr+3,Cr+3,aq,SSWS97,NA,1997-11-07,HKF,cal,-49300,-60000,-77,-22.9,-40,-2.7824,-14.5709,11.4661,-2.1765,17.9914,-7.6992,2.7403,3
UO2+2,UO2+2,UO2+2,aq,SSWS97,NA,1997-11-07,HKF,cal,-227680,-243550,-23.5,10.2,5.73,3.0256,-4.1084,15.3326,-2.6091,21.07,0.43,1.4099,2
Fr+,Fr+,Fr+,aq,SSWS97,NA,1997-11-11,HKF,cal,-70500,-62500,35.1,-6.5,21.5,4.7139,3.7284,4.2849,-2.933,2.5442,-4.3586,0.0203,1
Be+2,Be+2,Be+2,aq,SSWS97,NA,1997-11-11,HKF,cal,-90550,-91500,-32.1,-5.8,-20.9,-0.5718,-9.1742,9.3462,-2.3996,17.0245,-4.216,1.5475,2
Ra+2,Ra+2,Ra+2,aq,SSWS97,NA,1997-11-11,HKF,cal,-134200,-126100,12.9,-14.3,-12.3,0.374,-6.8598,8.4279,-2.4953,5.7496,-5.9474,0.8644,2
In+3,In+3,In+3,aq,SSWS97,SH88.5,1997-11-11,HKF,cal,-23400,-32335,-63,-15.6,-35.5,-2.2361,-13.2378,10.9433,-2.2316,20.3744,-6.2122,2.5346,3
Tl+,Tl+,Tl+,aq,SSWS97,SH88.1,1997-11-11,HKF,cal,-7740,1280,30,-4.2,18.2,4.2884,2.6903,4.691,-2.8901,4.6024,-3.89,0.0974,1
Tl+3,Tl+3,Tl+3,aq,SSWS97,SH88.1,1997-11-11,HKF,cal,51300,47000,-46,-0.2,-27,-1.1607,-10.6078,9.9017,-2.3404,27.0098,-3.0752,2.2752,3
CN-,CN-,CN-,aq,SSWS97,NA,1997-11-11,HKF,cal,41200,36000,22.5,-17.7,23.9,5.4714,5.5813,3.5497,-3.0096,7.6773,-6.64,1.29,-1
OCN-,OCN-,OCN-,aq,SSWS97,NA,1997-11-11,HKF,cal,-23280,-34900,25.5,-15.8,26.12,5.7591,6.2815,3.279,-3.0386,8.3509,-6.253,1.2422,-1
SCN-,SCN-,SCN-,aq,SSWS97,NA,1997-11-11,HKF,cal,22160,18270,34.5,-9.6,35.7,7.0244,9.3687,2.0708,-3.1662,10.7414,-4.99,1.1073,-1
SeCN-,SeCN-,SeCN-,aq,SSWS97,NA,1997-11-11,HKF,cal,19500,18530,46.6,-2.7,49.68,8.8752,13.8922,0.2829,-3.3532,13.0877,-3.5845,0.923,-1
HNO2,HNO2,HNO2,aq,SSWS97,NA,1997-11-11,HKF,cal,-12100,-28500,32.4,6.7,30.7,5.9151,6.659,3.1378,-3.0542,8.705,-1.6697,-0.1507,0
HNO3,HNO3,HNO3,aq,SSWS97,NA,1997-11-11,HKF,cal,-24730,-45410,42.7,18,40.2,7.1623,9.7063,1.9367,-3.1802,13.8907,0.632,-0.3066,0
N2O2-2,N2O2-2,N2O2-2,aq,SSWS97,NA,1997-11-11,HKF,cal,33200,-2590,6.6,-59.3,3.6,3.3102,0.2986,5.638,-2.7912,0.1067,-15.1139,3.1145,-2
HN2O2-,HN2O2-,HN2O2-,aq,SSWS97,NA,1997-11-11,HKF,cal,18200,-9400,34,9.3,32.4,6.5748,8.2753,2.4914,-3.121,21.8724,-1.1401,1.1132,-1
H2N2O2,H2N2O2,H2N2O2,aq,SSWS97,NA,1997-11-11,HKF,cal,8600,-13700,52,39,51.3,8.6337,13.3019,0.5163,-3.3288,24.9004,4.9097,-0.4475,0
N2H5+,N2H5+,N2H5+,aq,SSWS97,NA,1997-11-11,HKF,cal,19700,-1800,36.1,16.8,27.8,5.5711,5.8193,3.4672,-3.0195,16.0644,0.3876,0.0057,1
N2H6+2,N2H6+2,N2H6+2,aq,SSWS97,NA,1997-11-11,HKF,cal,21100,-4000,24,15.7,18.1,4.4762,3.1468,4.516,-2.909,21.7574,0.1635,0.6936,2
P2O7-4,P2O7-4,P2O7-4,aq,SSWS97,NA,1997-11-11,HKF,cal,-458700,-542800,-28,-139.1,21.7,7.0687,9.4773,2.0273,-3.1707,-11.7223,-31.3692,6.9069,-4
HP2O7-3,HP2O7-3,HP2O7-3,aq,SSWS97,NA,1997-11-11,HKF,cal,-471400,-543700,11,-28.7,36.5,8.3302,12.5558,0.8208,-3.298,32.1587,-8.8807,4.647,-3
H2P2O7-2,H2P2O7-2,H2P2O7-2,aq,SSWS97,NA,1997-11-11,HKF,cal,-480400,-544600,39,17.6,47.1,9.0963,14.4299,0.076,-3.3754,40.6359,0.5505,2.6218,-2
H3P2O7-,H3P2O7-,H3P2O7-,aq,SSWS97,NA,1997-11-11,HKF,cal,-483600,-544100,51,37.4,51.7,9.1292,14.5122,0.0398,-3.3788,35.9785,4.5838,0.8568,-1
H4P2O7,H4P2O7,H4P2O7,aq,SSWS97,NA,1997-11-11,HKF,cal,-485700,-542200,64,58.8,56.6,9.2975,14.9199,-0.113,-3.3957,34.8301,8.943,-0.6292,0
HPO3-2,HPO3-2,HPO3-2,aq,SSWS97,NA,1997-11-11,HKF,cal,-194000,-231600,4,-40.2,4.5,3.4463,0.6347,5.4974,-2.8051,11.6523,-11.2232,3.1527,-2
H2PO3-,H2PO3-,H2PO3-,aq,SSWS97,NA,1997-11-11,HKF,cal,-202350,-231700,31.7,5.5,14.7,4.1649,2.3899,4.8065,-2.8777,19.9762,-1.9142,1.1491,-1
H3PO3,H3PO3,H3PO3,aq,SSWS97,NA,1997-11-11,HKF,cal,-204800,-230600,43.6,25.1,19.1,4.2704,2.6439,4.7145,-2.8882,17.9261,2.0783,-0.3203,0
H2PO2-,H2PO2-,H2PO2-,aq,SSWS97,NA,1997-11-11,HKF,cal,-122400,-146700,24.1,-7,22,5.2026,4.919,3.8223,-2.9823,13.7063,-4.4604,1.2637,-1
H3PO2,H3PO2,H3PO2,aq,SSWS97,NA,1997-11-11,HKF,cal,-125100,-145600,36.9,14.1,35.4,6.5352,8.1731,2.543,-3.1168,12.414,-0.1623,-0.2188,0
SbO2-,SbO2-,SbO2-,aq,SSWS97,NA,1997-11-11,HKF,cal,-82400,-110000,-17.1,-44.1,-21.3,-0.5113,-9.0269,9.2893,-2.4057,-2.2802,-12.0177,1.8885,-1
HSbO2,HSbO2,HSbO2,aq,SSWS97,NA,1997-11-11,HKF,cal,-97400,-116600,11.1,-28.5,8.4,2.9726,-0.5203,5.9475,-2.7574,-8.9525,-8.84,0.1719,0
Bi+3,Bi+3,Bi+3,aq,SSWS97,NA,1997-11-11,HKF,cal,22880,19360,-45,0.8,-26.5,-1.0957,-10.4536,9.8506,-2.3467,27.5027,-2.8715,2.2651,3
HO2-,HO2-,HO2-,aq,SSWS97,NA,1997-11-11,HKF,cal,-16090,-38320,5.7,-37.4,2.7,2.6566,-1.2961,6.2619,-2.7253,-1.519,-10.6529,1.5449,-1
H2O2,H2O2,H2O2,aq,SSWS97,NA,1997-11-11,HKF,cal,-32030,-45690,34.4,10,32.8,6.1922,7.337,2.8686,-3.0822,10.36,-0.9975,-0.1809,0
SO3-2,SO3-2,SO3-2,aq,SSWS97,SH88.1,1997-11-11,HKF,cal,-116300,-151900,-7,-67.5,-3.1,2.4632,-1.7691,6.4494,-2.7058,-2.7967,-16.7843,3.321,-2
HSO5-,HSO5-,HSO5-,aq,SSWS97,SH88.1,1997-11-13,HKF,cal,-152370,-185380,50.7,36.9,50.3,8.9391,14.043,0.2349,-3.3594,35.7254,4.4819,0.8611,-1
HS2O3-,HS2O3-,HS2O3-,aq,SSWS97,NA,1997-11-13,HKF,cal,-127200,-153900,30.5,3.5,29.5,6.1964,7.351,2.8549,-3.0828,18.9745,-2.3216,1.1676,-1
H2S2O3,H2S2O3,H2S2O3,aq,SSWS97,NA,1997-11-13,HKF,cal,-128000,-150400,45,27.5,42.2,7.4242,10.3493,1.6762,-3.2067,19.1373,2.5672,-0.3415,0
S2O4-2,S2O4-2,S2O4-2,aq,SSWS97,SH88.1,1997-11-13,HKF,cal,-143500,-180100,22,-50.1,28.8,6.6784,8.528,2.3917,-3.1314,3.3115,-13.2399,2.8772,-2
HS2O4-,HS2O4-,HS2O4-,aq,SSWS97,NA,1997-11-13,HKF,cal,-146900,-179100,36.5,13.4,40.1,7.6159,10.8142,1.5005,-3.226,23.9326,-0.3049,1.076,-1
H2S2O4,H2S2O4,H2S2O4,aq,SSWS97,NA,1997-11-13,HKF,cal,-147400,-175300,51,37.4,51.4,8.6525,13.3462,0.5023,-3.3306,24.1023,4.5838,-0.4323,0
S2O5-2,S2O5-2,S2O5-2,aq,SSWS97,SH88.1,1997-11-13,HKF,cal,-189000,-232000,25,-48.3,33.9,7.3618,10.1945,1.7414,-3.2003,3.9715,-12.8732,2.8343,-2
S2O6-2,S2O6-2,S2O6-2,aq,SSWS97,SH88.1,1997-11-13,HKF,cal,-231000,-280400,30,-45.3,40.4,8.2257,12.3054,0.9087,-3.2876,5.0331,-12.2621,2.7587,-2
S3O6-2,S3O6-2,S3O6-2,aq,SSWS97,SH88.1,1997-11-13,HKF,cal,-229000,-279000,33,-43.5,41.9,8.4155,12.7691,0.7268,-3.3068,5.6683,-11.8954,2.7131,-2
S4O6-2,S4O6-2,S4O6-2,aq,SSWS97,SH88.1,1997-11-13,HKF,cal,-248700,-292600,61.5,-26.4,56.5,10.2672,17.2902,-1.0502,-3.4937,11.7042,-8.4122,2.2805,-2
S5O6-2,S5O6-2,S5O6-2,aq,SSWS97,SH88.1,1997-11-13,HKF,cal,-229000,-281000,40,-39.3,45.5,8.8725,13.8806,0.2986,-3.3527,7.1576,-11.0399,2.6076,-2
HSe-,HSe-,HSe-,aq,SSWS97,NA,1997-11-13,HKF,cal,10500,3800,19,-19.8,20.2,4.9823,4.3855,4.0227,-2.9602,6.9147,-7.0678,1.34,-1
SeO3-2,SeO3-2,SeO3-2,aq,SSWS97,NA,1997-11-13,HKF,cal,-88400,-121700,3.1,-61.4,5.7,3.6149,1.0478,5.3323,-2.8222,-0.6517,-15.5417,3.1658,-2
HSeO3-,HSeO3-,HSeO3-,aq,SSWS97,NA,1997-11-13,HKF,cal,-98340,-122980,32.3,6.5,31.1,6.4061,7.8624,2.6551,-3.1039,20.4808,-1.7105,1.1402,-1
H2SeO3,H2SeO3,H2SeO3,aq,SSWS97,NA,1997-11-13,HKF,cal,-101850,-121290,49.7,35.2,46.2,7.9475,11.624,1.1819,-3.2594,22.9944,4.1356,-0.4127,0
SeO4-2,SeO4-2,SeO4-2,aq,SSWS97,NA,1997-11-13,HKF,cal,-105500,-143200,12.9,-55.6,21.7,5.7548,6.2678,3.2916,-3.038,1.3971,-14.3602,3.0192,-2
HSeO4-,HSeO4-,HSeO4-,aq,SSWS97,NA,1997-11-13,HKF,cal,-108100,-139000,35.7,12.1,39.4,7.5244,10.5922,1.5837,-3.2168,23.2855,-0.5697,1.0885,-1
ClO-,ClO-,ClO-,aq,SSWS97,NA,1997-11-13,HKF,cal,-8800,-25600,10,-27.8,0.7,2.3599,-2.0164,6.5356,-2.6955,3.4787,-8.6974,1.4767,-1
HClO,HClO,HClO,aq,SSWS97,NA,1997-11-13,HKF,cal,-19100,-28900,33.9,9.1,28.4,5.5927,5.8751,3.4387,-3.0218,9.9023,-1.1808,-0.1734,0
ClO2-,ClO2-,ClO2-,aq,SSWS97,NA,1997-11-13,HKF,cal,4100,-15900,24.2,-19.3,22.1,5.2163,4.958,3.7949,-2.9839,6.4977,-6.9659,1.2637,-1
HClO2,HClO2,HClO2,aq,SSWS97,NA,1997-11-13,HKF,cal,1400,-12400,45,27.5,44,7.6706,10.9455,1.4527,-3.2314,19.1373,2.5672,-0.3415,0
BrO-,BrO-,BrO-,aq,SSWS97,SH88.1,1997-11-13,HKF,cal,-8000,-22500,9.7,-28,0.4,2.3206,-2.1131,6.5758,-2.6915,3.4104,-8.7381,1.482,-1
HBrO,HBrO,HBrO,aq,SSWS97,NA,1997-11-13,HKF,cal,-19700,-27000,33.8,9,28.3,5.5795,5.841,3.4565,-3.0204,9.8576,-1.2012,-0.1719,0
BrO4-,BrO4-,BrO4-,aq,SSWS97,SH88.1,1997-11-13,HKF,cal,28200,3100,47.6,-5.2,48.7,8.7361,13.5515,0.42,-3.3391,11.4884,-4.0937,0.9085,-1
IO-,IO-,IO-,aq,SSWS97,SH88.1,1997-11-13,HKF,cal,-9200,-25700,-1.4,-34.6,-12.5,0.6131,-6.2757,8.1983,-2.5195,1.1172,-10.0825,1.653,-1
HIO,HIO,HIO,aq,SSWS97,NA,1997-11-13,HKF,cal,-23700,-33000,22.8,-9.2,15.6,3.8979,1.7354,5.0694,-2.8506,0.726,-4.9085,-0.0053,0
HIO3,HIO3,HIO3,aq,SSWS97,NA,1997-11-13,HKF,cal,-31700,-50500,39.9,19,37.7,6.8346,8.905,2.253,-3.147,14.8674,0.8357,-0.2642,0
IO4-,IO4-,IO4-,aq,SSWS97,SH88.1,1997-11-13,HKF,cal,-14000,-36200,53,-2,52.9,9.2831,14.8827,-0.0933,-3.3942,12.6081,-3.4419,0.8264,-1
Sc+3,Sc+3,Sc+3,aq,SSWS97,NA,1997-11-13,HKF,cal,-140200,-146800,-61,-13.8,-34.5,-2.1109,-12.9294,10.817,-2.2444,21.1134,-5.8456,2.5003,3
V+2,V+2,V+2,aq,SSWS97,NA,1997-11-13,HKF,cal,-52000,-54000,-31,-10.9,-28.5,-1.6188,-11.7289,10.3473,-2.294,13.8458,-5.2548,1.5269,2
V+3,V+3,V+3,aq,SSWS97,NA,1997-11-13,HKF,cal,-57900,-62000,-55,-8.4,-31.5,-1.7304,-11.9981,10.4465,-2.2829,23.4604,-4.7456,2.4115,3
VO+2,VO+2,VO+2,aq,SSWS97,NA,1997-11-13,HKF,cal,-106700,-116300,-32,31.4,-26.2,-1.2971,-10.9431,10.0377,-2.3265,38.8261,3.3616,1.5475,2
VO2+,VO2+,VO2+,aq,SSWS97,NA,1997-11-13,HKF,cal,-140300,-155300,-10.1,-13.7,9.2,3.2606,0.179,5.6817,-2.7863,4.5892,-5.8252,0.7003,1
VO4-3,VO4-3,VO4-3,aq,SSWS97,NA,1997-11-13,HKF,cal,-214900,-270600,-35.2,38,-16.9,1.2579,-4.7015,7.5797,-2.5845,77.6555,4.706,5.3424,-3
HVO4-2,HVO4-2,HVO4-2,aq,SSWS97,NA,1997-11-13,HKF,cal,-233000,-277000,4,87.3,12.5,4.541,3.3077,4.4469,-2.9156,86.3755,14.7484,3.1527,-2
H2VO4-,H2VO4-,H2VO4-,aq,SSWS97,NA,1997-11-13,HKF,cal,-243990,-280620,29,35.8,31.3,6.4502,7.9653,2.6252,-3.1082,38.1088,4.2579,1.1898,-1
H3VO4,H3VO4,H3VO4,aq,SSWS97,NA,1997-11-13,HKF,cal,-249200,-284600,37.1,19.1,38.3,6.931,9.1392,2.164,-3.1567,15.3166,0.8561,-0.2218,0
Cr+2,Cr+2,Cr+2,aq,SSWS97,NA,1997-11-13,HKF,cal,-39400,-39000,-24.2,-7.3,-22.3,-0.8036,-9.74,9.5688,-2.3762,15.0502,-4.5215,1.4287,2
Mn+3,Mn+3,Mn+3,aq,SSWS97,NA,1997-11-13,HKF,cal,-20300,-30700,-74,-25.6,-41,-2.932,-14.934,11.6041,-2.1615,16.0611,-8.2492,2.7025,3
MnO4-2,MnO4-2,MnO4-2,aq,SSWS97,NA,1997-11-13,HKF,cal,-120400,-156600,15.5,-66.4,21.1,5.6596,6.0368,3.3786,-3.0285,-5.291,-16.5602,2.9803,-2
Fe+2,Fe+2,Fe+2,aq,SSWS97,NA,1997-11-13,HKF,cal,-21870,-22050,-25.3,-7.9,-22.2,-0.7867,-9.6969,9.5479,-2.378,14.786,-4.6437,1.4382,2
Fe+3,Fe+3,Fe+3,aq,SSWS97,NA,1997-11-13,HKF,cal,-4120,-11850,-66.3,-18.6,-37,-2.4256,-13.6961,11.1141,-2.2127,19.0459,-6.8233,2.5812,3
Co+3,Co+3,Co+3,aq,SSWS97,SH88.1,1997-11-13,HKF,cal,32000,22000,-73,-24.7,-40.5,-2.8678,-14.7777,11.5439,-2.168,16.4739,-8.0659,2.6901,3
Y+3,Y+3,Y+3,aq,SSWS97,SH88.1,1997-11-13,HKF,cal,-163800,-170900,-60,-12.9,-34,-2.0463,-12.7741,10.7611,-2.2508,21.5366,-5.6622,2.489,3
Zr+4,Zr+4,Zr+4,aq,SSWS97,NA,1997-11-13,HKF,cal,-133270,-150330,-110.3,-3.1,-54.3,-4.367,-18.4377,12.9811,-2.0167,39.7423,-3.666,3.8417,4
HMoO4-,HMoO4-,HMoO4-,aq,SSWS97,NA,1997-11-13,HKF,cal,-206400,-238500,32.5,28.6,40.8,7.732,11.0966,1.3908,-3.2376,33.393,2.7912,1.1359,-1
RuO4-2,RuO4-2,RuO4-2,aq,SSWS97,NA,1997-11-13,HKF,cal,-71600,-110200,6.6,-48.1,30.2,6.9502,9.1887,2.1387,-3.1588,6.6707,-12.8325,3.1145,-2
Ce+3,Ce+3,Ce+3,aq,SSWS97,SH88.1,1997-11-13,HKF,cal,-161600,-167400,-49,-47.7,-44.1,-3.4833,-16.2789,12.1302,-2.1059,-0.355,-12.751,2.3265,3
Pm+3,Pm+3,Pm+3,aq,SSWS97,NA,1997-11-13,HKF,cal,-158000,-164000,-50,-44.6,-42.4,-3.2471,-15.7059,11.9125,-2.1296,1.5577,-12.1195,2.3369,3
Hf+4,Hf+4,Hf+4,aq,SSWS97,NA,1997-11-13,HKF,cal,-132600,-150250,-111.2,-3.4,-54.4,-4.3761,-18.4638,12.9996,-2.0156,39.6914,-3.7271,3.8552,4
Au+3,Au+3,Au+3,aq,SSWS97,SH88.1,1997-11-13,HKF,cal,103600,97800,-54.8,-8.2,-31.4,-1.7167,-11.9654,10.4352,-2.2843,23.5775,-4.7048,2.4115,3
Hg2+2,Hg2+2,Hg2+2,aq,SSWS97,NA,1997-11-13,HKF,cal,36710,39880,15.71,13.8,14.5,4.0263,2.0479,4.9491,-2.8636,21.809,-0.2234,0.8201,2
U+3,U+3,U+3,aq,SSWS97,NA,1997-11-13,HKF,cal,-113550,-116900,-46.1,-36.4,-39.3,-2.8438,-14.722,11.528,-2.1703,5.7945,-10.4492,2.2752,3
U+4,U+4,U+4,aq,SSWS97,NA,1994-05-18,HKF,cal,-126650,-141300,-99.6,0.2,-53.3,-4.2836,-18.2319,12.8955,-2.0252,40.2193,-2.9938,3.6835,4
UO2+,UO2+,UO2+,aq,SSWS97,NA,1994-05-18,HKF,cal,-229690,-245000,-6,-22.1,10.2,3.3767,0.4614,5.5725,-2.798,-0.9002,-7.5363,0.6388,1
La+2,La+2,La+2,aq,SSWS97,NA,1997-11-13,HKF,cal,-77700,-72200,0.7,-12,-14.7,0.1064,-7.5128,8.6835,-2.4683,8.7551,-5.4789,1.0444,2
Ce+2,Ce+2,Ce+2,aq,SSWS97,NA,1997-11-13,HKF,cal,-74900,-70300,1.4,-12.2,-14.5,0.1315,-7.4538,8.6653,-2.4708,8.5755,-5.5196,1.0376,2
Pr+2,Pr+2,Pr+2,aq,SSWS97,NA,1997-11-13,HKF,cal,-92700,-88400,0.7,-12,-14.7,0.1064,-7.5128,8.6835,-2.4683,8.7551,-5.4789,1.0444,2
Nd+2,Nd+2,Nd+2,aq,SSWS97,NA,1997-11-13,HKF,cal,-100200,-96100,-0.5,-11.8,-14.9,0.086,-7.5654,8.7097,-2.4661,9.0616,-5.4382,1.0649,2
Pm+2,Pm+2,Pm+2,aq,SSWS97,NA,1997-11-13,HKF,cal,-92700,-88400,-1.9,-11.5,-15.2,0.052,-7.6511,8.7496,-2.4626,9.4303,-5.3771,1.0858,2
Sm+2,Sm+2,Sm+2,aq,SSWS97,NA,1997-11-13,HKF,cal,-123000,-120500,-6.2,-10.7,-16,-0.0353,-7.8592,8.8194,-2.454,10.5009,-5.2141,1.1512,2
Eu+2,Eu+2,Eu+2,aq,SSWS97,NA,1997-11-13,HKF,cal,-129200,-126150,-2.4,-11.4,-15.3,0.0407,-7.6776,8.7578,-2.4615,9.5539,-5.3567,1.0929,2
Gd+2,Gd+2,Gd+2,aq,SSWS97,NA,1997-11-13,HKF,cal,-70600,-67400,-4.3,-11.1,-15.6,0.0094,-7.7516,8.781,-2.4584,9.9946,-5.2956,1.1216,2
Tb+2,Tb+2,Tb+2,aq,SSWS97,NA,1997-11-13,HKF,cal,-79400,-76200,-2.9,-11.3,-15.4,0.0294,-7.7042,8.7663,-2.4604,9.678,-5.3363,1.1,2
Dy+2,Dy+2,Dy+2,aq,SSWS97,NA,1997-11-13,HKF,cal,-102800,-99900,-3.6,-11.2,-15.5,0.0206,-7.7248,8.7724,-2.4596,9.869,-5.3159,1.1144,2
Ho+2,Ho+2,Ho+2,aq,SSWS97,NA,1997-11-13,HKF,cal,-96900,-94200,-4.3,-11.1,-15.6,0.0094,-7.7516,8.781,-2.4584,9.9946,-5.2956,1.1216,2
Er+2,Er+2,Er+2,aq,SSWS97,NA,1997-11-13,HKF,cal,-91600,-89150,-5.5,-10.9,-15.8,-0.0104,-7.7996,8.7981,-2.4565,10.315,-5.2548,1.1437,2
Tm+2,Tm+2,Tm+2,aq,SSWS97,NA,1997-11-13,HKF,cal,-107600,-105600,-6.7,-10.6,-16.1,-0.0464,-7.8863,8.8296,-2.4529,10.6286,-5.1937,1.1587,2
Yb+2,Yb+2,Yb+2,aq,SSWS97,NA,1997-11-13,HKF,cal,-128500,-126800,-11.2,-9.8,-16.9,-0.1323,-8.098,8.9173,-2.4441,11.7413,-5.0308,1.2285,2
Ce+4,Ce+4,Ce+4,aq,SSWS97,NA,1997-11-13,HKF,cal,-121300,-137700,-100.1,0.1,-53.3,-4.2792,-18.2247,12.8996,-2.0255,40.279,-3.0141,3.6964,4
Pr+4,Pr+4,Pr+4,aq,SSWS97,NA,1997-11-13,HKF,cal,-72700,-88700,-98.5,0.6,-53.2,-4.2742,-18.2128,12.8958,-2.026,40.3357,-2.9123,3.6707,4
Nd+4,Nd+4,Nd+4,aq,SSWS97,NA,1997-11-13,HKF,cal,-47000,-62900,-98.7,0.5,-53.2,-4.2742,-18.2128,12.8958,-2.026,40.2772,-2.9327,3.6707,4
Pm+4,Pm+4,Pm+4,aq,SSWS97,NA,1997-11-13,HKF,cal,-34200,-50400,-99.7,0.2,-53.3,-4.2836,-18.2319,12.8955,-2.0252,40.2193,-2.9938,3.6835,4
Sm+4,Sm+4,Sm+4,aq,SSWS97,NA,1997-11-13,HKF,cal,-39900,-56400,-101.1,-0.2,-53.4,-4.2886,-18.25,12.9154,-2.0244,40.2222,-3.0752,3.7093,4
Eu+4,Eu+4,Eu+4,aq,SSWS97,NA,1997-11-13,HKF,cal,5000,-12700,-103.3,-0.9,-53.6,-4.3071,-18.2951,12.9322,-2.0226,40.0515,-3.2178,3.7353,4
Gd+4,Gd+4,Gd+4,aq,SSWS97,NA,1997-11-13,HKF,cal,12600,-5700,-107.6,-2.3,-54.1,-4.3532,-18.4052,12.97,-2.018,39.8394,-3.503,3.8013,4
Tb+4,Tb+4,Tb+4,aq,SSWS97,NA,1997-11-13,HKF,cal,-88200,-105900,-104.2,-1.2,-53.7,-4.3164,-18.3144,12.933,-2.0218,39.9963,-3.2789,3.7484,4
Dy+4,Dy+4,Dy+4,aq,SSWS97,NA,1997-11-13,HKF,cal,-55700,-73400,-104,-1.1,-53.7,-4.3164,-18.3144,12.933,-2.0218,40.055,-3.2586,3.7484,4
Ho+4,Ho+4,Ho+4,aq,SSWS97,NA,1997-11-13,HKF,cal,-30500,-48300,-104.2,-1.2,-53.7,-4.3164,-18.3144,12.933,-2.0218,39.9963,-3.2789,3.7484,4
Er+4,Er+4,Er+4,aq,SSWS97,NA,1997-11-13,HKF,cal,-28100,-45900,-104.7,-1.4,-53.8,-4.3256,-18.3402,12.9496,-2.0207,40.0003,-3.3197,3.7615,4
Tm+4,Tm+4,Tm+4,aq,SSWS97,NA,1997-11-13,HKF,cal,-30100,-48300,-105.6,-1.6,-53.9,-4.3349,-18.3596,12.9511,-2.0199,40.0047,-3.3604,3.7747,4
Yb+4,Yb+4,Yb+4,aq,SSWS97,NA,1997-11-13,HKF,cal,3800,-13600,-106.6,-1.9,-54,-4.3441,-18.3854,12.9683,-2.0188,39.9511,-3.4215,3.788,4
Lu+4,Lu+4,Lu+4,aq,SSWS97,NA,1997-11-13,HKF,cal,27000,9800,-108,-2.4,-54.1,-4.3487,-18.3921,12.9608,-2.0186,39.9042,-3.5234,3.8147,4
LiOH,LiOH,LiOH,aq,SSWS97,NA,1997-11-13,HKF,cal,-108000,-121500,1.9,6.8,3.8,2.2749,-2.2242,6.6181,-2.687,9.8752,-1.6493,-0.03,0
NaOH,NaOH,NaOH,aq,SSWS97,NA,1997-11-13,HKF,cal,-99900,-112300,10.7,-3.2,3.5,2.2338,-2.3287,6.6683,-2.6826,4.0146,-3.6863,-0.03,0
KOH,KOH,KOH,aq,SSWS97,NA,1997-11-13,HKF,cal,-104500,-120200,25.9,-20.5,14.9,3.7938,1.4839,5.1619,-2.8402,-6.124,-7.2104,-0.03,0
RbOH,RbOH,RbOH,aq,SSWS97,NA,1997-11-13,HKF,cal,-105100,-113000,32,-27.5,20.7,4.5875,3.4168,4.4132,-2.9202,-10.2264,-8.6363,-0.03,0
CsOH,CsOH,CsOH,aq,SSWS97,NA,1997-11-13,HKF,cal,-105000,-112300,35.9,-31.9,28.6,5.6685,6.0571,3.374,-3.0293,-12.8052,-9.5325,-0.03,0
BeOH+,BeOH+,BeOH+,aq,SSWS97,NA,1997-11-13,HKF,cal,-139900,-153200,-17.9,29.4,2.1,2.3302,-2.0945,6.5792,-2.6923,30.9714,2.9542,0.8222,1
BeO,BeO,BeO,aq,SSWS97,NA,1997-11-13,HKF,cal,-128600,-144100,-25.1,13.1,1,1.8917,-3.1609,6.9887,-2.6482,13.5675,-0.366,-0.03,0
HBeO2-,HBeO2-,HBeO2-,aq,SSWS97,NA,1997-11-13,HKF,cal,-172200,-206700,-33.3,51.9,3.4,2.9518,-0.5719,5.9708,-2.7553,56.2537,7.5374,2.1351,-1
BeO2-2,BeO2-2,BeO2-2,aq,SSWS97,NA,1997-11-13,HKF,cal,-152900,-189700,-41,-12.7,1.5,3.2657,0.1906,5.6788,-2.7868,34.0366,-5.6215,3.833,-2
MgOH+,MgOH+,MgOH+,aq,SSWS97,NA,1997-11-13,HKF,cal,-149255,-152955,-19.1,30.8,1.9,2.3105,-2.1365,6.5827,-2.6906,32.0008,3.2394,0.8449,1
CaOH+,CaOH+,CaOH+,aq,SSWS97,NA,1997-11-13,HKF,cal,-171300,-179600,6.7,1.4,5.9,2.7243,-1.1303,6.1958,-2.7322,11.1286,-2.7493,0.4496,1
SrOH+,SrOH+,SrOH+,aq,SSWS97,NA,1997-11-13,HKF,cal,-173300,-180000,14.6,-7.6,7.2,2.862,-0.7922,6.0586,-2.7462,4.7576,-4.5826,0.3306,1
BaOH+,BaOH+,BaOH+,aq,SSWS97,NA,1997-11-13,HKF,cal,-172300,-175900,27.5,-22.4,9.2,3.07,-0.2825,5.8541,-2.7672,-5.7064,-7.5974,0.1362,1
SnOH+,SnOH+,SnOH+,aq,SSWS97,NA,1997-11-13,HKF,cal,-58600,-63800,19.2,-12.9,7.9,2.9337,-0.6181,5.9928,-2.7533,0.9969,-5.6622,0.2595,1
SnO,SnO,SnO,aq,SSWS97,NA,1997-11-13,HKF,cal,-53600,-60100,14.8,-32.4,7.2,2.7401,-1.0905,6.1776,-2.7338,-13.0981,-9.6344,-0.03,0
HSnO2-,HSnO2-,HSnO2-,aq,SSWS97,NA,1997-11-13,HKF,cal,-97300,-122100,9.4,-45.4,14.1,4.1971,2.4678,4.7779,-2.8809,-6.7372,-12.2825,1.4874,-1
PbOH+,PbOH+,PbOH+,aq,SSWS97,NA,1997-11-13,HKF,cal,-53950,-68900,-10,-20,3.4,2.4669,-1.76,6.4461,-2.7061,0.897,-7.1085,0.7003,1
PbO,PbO,PbO,aq,SSWS97,NA,1997-11-13,HKF,cal,-39350,-44700,22,-42,8.3,2.8906,-0.7236,6.0351,-2.749,-18.7244,-11.5899,-0.03,0
HPbO2-,HPbO2-,HPbO2-,aq,SSWS97,NA,1997-11-13,HKF,cal,-81000,-104200,18,-70,16.2,4.4403,3.0599,4.5482,-2.9054,-22.36,-17.2935,1.3566,-1
BiOH+2,BiOH+2,BiOH+2,aq,SSWS97,NA,1997-11-13,HKF,cal,-32300,-44800,-19.5,-15,1.8,2.4693,-1.7539,6.4433,-2.7064,9.861,-6.09,1.3552,2
BiO+,BiO+,BiO+,aq,SSWS97,NA,1997-11-13,HKF,cal,-29300,-30300,19.1,-82.6,8,2.9487,-0.5825,5.981,-2.7548,-39.8159,-19.8601,0.2634,1
HBiO2,HBiO2,HBiO2,aq,SSWS97,NA,1997-11-13,HKF,cal,-79300,-86300,54.6,-148.5,25.4,5.2306,4.9892,3.7912,-2.9852,-81.1398,-33.284,-0.03,0
BiO2-,BiO2-,BiO2-,aq,SSWS97,NA,1997-11-13,HKF,cal,-61700,-71600,45.1,-127.4,23,5.2319,4.992,3.7909,-2.9853,-59.7858,-28.9859,0.9456,-1
InOH+2,InOH+2,InOH+2,aq,SSWS97,NA,1997-11-13,HKF,cal,-74600,-94700,-44.7,13.8,-2.3,2.0372,-2.8058,6.8493,-2.6629,30.2531,-0.2234,1.7366,2
InO+,InO+,InO+,aq,SSWS97,NA,1997-11-13,HKF,cal,-69400,-76900,-2.6,-57.8,4.5,2.5804,-1.4833,6.3385,-2.7176,-22.2654,-14.8084,0.5907,1
HInO2,HInO2,HInO2,aq,SSWS97,NA,1997-11-13,HKF,cal,-119800,-135100,27.2,-86,18.5,4.2864,2.6831,4.6987,-2.8898,-44.5111,-20.5527,-0.03,0
InO2-,InO2-,InO2-,aq,SSWS97,NA,1997-11-13,HKF,cal,-106700,-125300,15.9,-67.3,15.7,4.3832,2.9224,4.5983,-2.8997,-20.4685,-16.7435,1.3901,-1
TlOH,TlOH,TlOH,aq,SSWS97,NA,1997-11-13,HKF,cal,-65550,-66660,32.5,-28.1,25,5.1759,4.8579,3.8372,-2.9797,-10.5781,-8.7585,-0.03,0
TlOH+2,TlOH+2,TlOH+2,aq,SSWS97,NA,1997-11-13,HKF,cal,-4500,-18800,-23.7,-10.2,1.1,2.3952,-1.9341,6.5118,-2.6989,13.2638,-5.1122,1.4192,2
TlO+,TlO+,TlO+,aq,SSWS97,NA,1997-11-13,HKF,cal,-3200,-5150,17.7,-81,7.7,2.9144,-0.6673,6.0161,-2.7513,-38.6952,-19.5343,0.2832,1
HTlO2,HTlO2,HTlO2,aq,SSWS97,NA,1997-11-13,HKF,cal,-57600,-65600,53.1,-145.1,25,5.1759,4.8579,3.8372,-2.9797,-79.1473,-32.5914,-0.03,0
TlO2-,TlO2-,TlO2-,aq,SSWS97,NA,1997-11-13,HKF,cal,-41600,-52500,43.5,-124.1,22.6,5.1854,4.883,3.8238,-2.9808,-57.6278,-28.3137,0.9699,-1
ScOH+2,ScOH+2,ScOH+2,aq,SSWS97,NA,1997-11-13,HKF,cal,-191000,-200700,-15.7,-19.3,-19.1,-0.4111,-8.7778,9.1827,-2.416,6.7806,-6.9659,1.2944,2
ScO+,ScO+,ScO+,aq,SSWS97,NA,1997-11-13,HKF,cal,-183600,-189800,-3.6,-56.7,-13.6,0.1089,-7.5069,8.6817,-2.4686,-21.4773,-14.5843,0.6063,1
HScO2,HScO2,HScO2,aq,SSWS97,NA,1997-11-13,HKF,cal,-231600,-244300,30.3,-91.9,11.6,3.3422,0.377,5.6066,-2.7945,-47.9689,-21.7545,-0.03,0
ScO2-,ScO2-,ScO2-,aq,SSWS97,NA,1997-11-13,HKF,cal,-218100,-234100,19.2,-74.1,5.6,2.9831,-0.4979,5.9465,-2.7583,-24.9439,-18.1287,1.3369,-1
VOH+,VOH+,VOH+,aq,SSWS97,NA,1997-11-13,HKF,cal,-99800,-114100,-16.4,27.7,-26,-1.5223,-11.495,10.2591,-2.3037,29.7729,2.6079,0.8002,1
VOH+2,VOH+2,VOH+2,aq,SSWS97,NA,1997-11-13,HKF,cal,-111500,-119400,-10.6,-25.1,-16.8,-0.1213,-8.0707,8.9058,-2.4453,2.7011,-8.1474,1.2206,2
VO+,VO+,VO+,aq,SSWS97,NA,1997-11-13,HKF,cal,-106100,-109400,4.9,-66.4,-36.8,-3.1084,-15.3641,11.7711,-2.1437,-28.327,-16.5602,0.4799,1
VOOH+,VOOH+,VOOH+,aq,SSWS97,NA,1997-11-13,HKF,cal,-155700,-177600,-17.7,29.2,-26.4,-1.5696,-11.6082,10.2984,-2.299,30.8543,2.9134,0.8222,1
CrOH+2,CrOH+2,CrOH+2,aq,SSWS97,NA,1997-11-13,HKF,cal,-100500,-118600,-46.1,15.4,-36.6,-2.6482,-14.2423,11.3347,-2.1901,31.4127,0.1024,1.7607,2
CrO+,CrO+,CrO+,aq,SSWS97,NA,1997-11-13,HKF,cal,-92800,-105000,-26.3,-30.8,-23.8,-1.1728,-10.6385,9.9161,-2.3391,-3.1901,-9.3085,0.9437,1
HCrO2,HCrO2,HCrO2,aq,SSWS97,NA,1997-11-13,HKF,cal,-138100,-157300,6,-37.7,-1.6,1.5359,-4.0259,7.3211,-2.6125,-16.2043,-10.714,-0.03,0
CrO2-,CrO2-,CrO2-,aq,SSWS97,NA,1997-11-13,HKF,cal,-125300,-148300,-6.7,-20.7,-8.4,1.2013,-4.8403,7.635,-2.5788,10.0021,-7.2511,1.7331,-1
MnOH+,MnOH+,MnOH+,aq,SSWS97,NA,1997-11-13,HKF,cal,-97300,-106800,0.3,8.7,-11.9,0.3213,-6.9901,8.4821,-2.4899,16.2994,-1.2623,0.5464,1
MnO,MnO,MnO,aq,SSWS97,NA,1997-11-13,HKF,cal,-81500,-99100,-2.5,-12.7,-13.1,-0.0376,-7.8656,8.8229,-2.4537,-1.5528,-5.6215,-0.03,0
HMnO2-,HMnO2-,HMnO2-,aq,SSWS97,NA,1997-11-13,HKF,cal,-121000,-149900,-9.1,-3.3,-9.7,1.0354,-5.248,7.8003,-2.5619,20.5255,-3.7067,1.7685,-1
MnO2-2,MnO2-2,MnO2-2,aq,SSWS97,NA,1997-11-13,HKF,cal,-102600,-133300,-15.2,-71.5,-13,1.1489,-4.9713,7.6937,-2.5734,-4.0375,-17.5991,3.4408,0
FeOH+,FeOH+,FeOH+,aq,SSWS97,NA,1997-11-13,HKF,cal,-65850,-78080,-10,15,-16.5,-0.2561,-8.4039,9.0457,-2.4315,21.4093,0.0209,0.7003,1
FeO,FeO,FeO,aq,SSWS97,NA,1997-11-13,HKF,cal,-50720,-62950,-10,0,-16.5,-0.5029,-9.0053,9.2791,-2.4066,5.8901,-3.0345,-0.03,0
HFeO2-,HFeO2-,HFeO2-,aq,SSWS97,NA,1997-11-13,HKF,cal,-95400,-125700,-15,22,-12.9,0.6272,-6.244,8.1905,-2.5208,36.1624,1.4468,1.8564,-1
FeOH+2,FeOH+2,FeOH+2,aq,SSWS97,NA,1997-11-13,HKF,cal,-57800,-70000,-25.4,-8.2,-24.9,-1.1562,-10.6009,9.9077,-2.3407,14.6102,-4.7048,1.4382,2
FeO+,FeO+,FeO+,aq,SSWS97,NA,1997-11-13,HKF,cal,-53100,-61000,-11.1,-48.1,-41.8,-3.7118,-16.8408,12.3595,-2.0827,-15.3982,-12.8325,0.7191,1
HFeO2,HFeO2,HFeO2,aq,SSWS97,NA,1997-11-13,HKF,cal,-101100,-120300,22.2,-74.6,7.2,2.7401,-1.0905,6.1776,-2.7338,-37.83,-18.2305,-0.03,0
FeO2-,FeO2-,FeO2-,aq,SSWS97,NA,1997-11-13,HKF,cal,-88000,-110700,10.6,-56.3,0.9,2.3837,-1.9602,6.5182,-2.6979,-13.3207,-14.5028,1.4662,-1
CoOH+,CoOH+,CoOH+,aq,SSWS97,NA,1997-11-13,HKF,cal,-56025,-68450,-10,24,-16.5,-0.2561,-8.4039,9.0457,-2.4315,26.6839,1.8542,0.7003,1
CoO,CoO,CoO,aq,SSWS97,NA,1997-11-13,HKF,cal,-44000,-58800,-17.8,4.8,-24.2,-1.5566,-11.5736,10.2791,-2.3004,8.7031,-2.0567,-0.03,0
HCoO2-,HCoO2-,HCoO2-,aq,SSWS97,NA,1997-11-13,HKF,cal,-83400,-117100,-25.5,34.1,-18.6,-0.0971,-8.0155,8.8926,-2.4475,44.7712,3.9116,2.0211,-1
CoO2-2,CoO2-2,CoO2-2,aq,SSWS97,NA,1997-11-13,HKF,cal,-63200,-99000,-32.7,-31.6,-22.5,-0.059,-7.9219,8.854,-2.4514,21.8518,-9.4714,3.7128,-2
CoOH+2,CoOH+2,CoOH+2,aq,SSWS97,NA,1997-11-13,HKF,cal,-23000,-36100,-27.8,-5.5,-24.5,-1.0884,-10.4353,9.8425,-2.3475,16.5492,-4.1549,1.4769,2
NiOH+,NiOH+,NiOH+,aq,SSWS97,NA,1997-11-13,HKF,cal,-52850,-67650,-18,31,-20.1,-0.7075,-9.5051,9.476,-2.386,31.9091,3.2801,0.8222,1
NiO,NiO,NiO,aq,SSWS97,NA,1997-11-13,HKF,cal,-39340,-56230,25,10,-23.3,-1.4334,-11.2786,10.1751,-2.3126,11.7507,-0.9975,-0.03,0
HNiO2-,HNiO2-,HNiO2-,aq,SSWS97,NA,1997-11-13,HKF,cal,-81980,-118760,-36,48,-24.2,-0.8143,-9.7619,9.5688,-2.3753,54.2564,6.743,2.1664,-1
NiO2-2,NiO2-2,NiO2-2,aq,SSWS97,NA,1997-11-13,HKF,cal,-64200,-101800,-38.9,-17.5,-25.8,-0.4814,-8.9493,9.2495,-2.4089,30.9114,-6.5993,3.7992,-2
CuOH+,CuOH+,CuOH+,aq,SSWS97,NA,1997-11-13,HKF,cal,-30200,-41700,-6.1,16,-14.7,-0.0277,-7.8416,8.8142,-2.4547,21.5062,0.2246,0.6472,1
CuO,CuO,CuO,aq,SSWS97,NA,1997-11-13,HKF,cal,-20800,-34200,-12.4,-1.4,-17.6,-0.3937,-8.736,9.1675,-2.4178,12.149,-3.3197,0.7384,0
HCuO2-,HCuO2-,HCuO2-,aq,SSWS97,NA,1997-11-13,HKF,cal,-60100,-86300,0.3,-24.7,-4.6,1.3202,-4.5527,7.5282,-2.5907,-3.2749,-8.0659,0.5464,-1
CuO2-2,CuO2-2,CuO2-2,aq,SSWS97,NA,1997-11-13,HKF,cal,-41200,-74400,-23.1,-53.5,-17.3,0.6024,-6.3038,8.2129,-2.5183,7.6532,-13.9325,3.5647,-2
YOH+2,YOH+2,YOH+2,aq,SSWS97,NA,1997-11-14,HKF,cal,-210000,-220900,-17.2,-17.6,2.1,2.4985,-1.6806,6.4099,-2.7094,8.0136,-6.6196,1.3201,2
YO+,YO+,YO+,aq,SSWS97,NA,1997-11-14,HKF,cal,-198100,-204600,-2.2,-58.3,4.5,2.5778,-1.489,6.3393,-2.7173,-22.6289,-14.9102,0.5831,1
HYO2,HYO2,HYO2,aq,SSWS97,NA,1997-11-14,HKF,cal,-241700,-254600,31.8,-96.5,19.7,4.4506,3.0828,4.5443,-2.9063,-50.6646,-22.6916,-0.03,0
YO2-,YO2-,YO2-,aq,SSWS97,NA,1997-11-14,HKF,cal,-227400,-243600,20.8,-77.3,16.9,4.5219,3.2579,4.4729,-2.9136,-27.0256,-18.7805,1.3145,-1
ZrOH+3,ZrOH+3,ZrOH+3,aq,SSWS97,NA,1997-11-14,HKF,cal,-190400,-212500,-71.6,44.4,-12.7,0.9279,-5.5093,7.9015,-2.5511,56.7436,6.0097,2.6654,3
ZrO+2,ZrO+2,ZrO+2,aq,SSWS97,NA,1997-11-14,HKF,cal,-187600,-204300,-53.4,0.1,-3.6,1.9014,-3.1364,6.9769,-2.6492,23.3712,-3.0141,1.8611,2
HZrO2+,HZrO2+,HZrO2+,aq,SSWS97,NA,1997-11-14,HKF,cal,-239700,-265300,-49.7,89.3,-0.7,2.1106,-2.6299,6.7878,-2.6702,70.5343,15.1558,1.306,1
ZrO2,ZrO2,ZrO2,aq,SSWS97,NA,1997-11-14,HKF,cal,-233400,-263800,-43.7,55.5,0.8,1.8643,-3.2264,7.0119,-2.6455,38.4166,8.2708,-0.03,0
HZrO3-,HZrO3-,HZrO3-,aq,SSWS97,NA,1997-11-14,HKF,cal,-281500,-333300,-32.7,50.6,7.9,3.5625,0.9168,5.3901,-2.8168,55.3517,7.2726,2.1199,-1
CdOH+,CdOH+,CdOH+,aq,SSWS97,NA,1997-11-14,HKF,cal,-61500,-73400,-2.9,12.3,-13.3,0.1473,-7.4141,8.6471,-2.4724,18.8886,-0.529,0.5985,1
CdO,CdO,CdO,aq,SSWS97,NA,1997-11-14,HKF,cal,-47500,-59750,-4.2,-10.7,-13.9,-0.1471,-8.1341,8.9312,-2.4426,-0.3806,-5.2141,-0.03,0
HCdO2-,HCdO2-,HCdO2-,aq,SSWS97,NA,1997-11-14,HKF,cal,-86500,-117400,-10.9,0.9,-10.7,0.908,-5.557,7.9176,-2.5492,23.2446,-2.8512,1.7965,-1
CdO2-2,CdO2-2,CdO2-2,aq,SSWS97,NA,1997-11-14,HKF,cal,-67300,-101000,-20.3,-59.9,-15.8,0.7922,-5.8401,8.0303,-2.5375,3.481,-15.2361,3.519,-2
HfOH+3,HfOH+3,HfOH+3,aq,SSWS97,NA,1997-11-14,HKF,cal,-189000,-211800,-72.8,45.8,-12.9,0.9047,-5.567,7.9267,-2.5488,57.6774,6.2949,2.6777,3
HfO+2,HfO+2,HfO+2,aq,SSWS97,NA,1997-11-14,HKF,cal,-186000,-200900,-46.2,-8.1,-2.5,2.0179,-2.8551,6.8743,-2.6609,17.6401,-4.6845,1.7607,2
HHfO2+,HHfO2+,HHfO2+,aq,SSWS97,NA,1997-11-14,HKF,cal,-237800,-264200,-51,92.3,-1.1,2.0629,-2.7421,6.8221,-2.6655,72.4834,15.7669,1.3268,1
HfO2,HfO2,HfO2,aq,SSWS97,NA,1997-11-14,HKF,cal,-231400,-262600,-45.1,58.4,0.4,1.8096,-3.3639,7.0739,-2.6398,40.1163,8.8615,-0.03,0
HHfO3-,HHfO3-,HHfO3-,aq,SSWS97,NA,1997-11-14,HKF,cal,-279200,-331800,-34.3,54.2,7.3,3.4908,0.7427,5.4561,-2.8096,57.7445,8.0059,2.1506,-1
HgOH+,HgOH+,HgOH+,aq,SSWS97,NA,1997-11-14,HKF,cal,-12700,-20400,16.7,46.5,-4.5,1.2505,-4.7196,7.5872,-2.5838,36.1808,6.4374,0.2998,1
HgO,HgO,HgO,aq,SSWS97,NA,1997-11-14,HKF,cal,-8900,-19200,8.2,-24.8,-8.3,0.6191,-6.2664,8.2051,-2.5198,-8.644,-8.0863,-0.03,0
HHgO2-,HHgO2-,HHgO2-,aq,SSWS97,NA,1997-11-14,HKF,cal,-45200,-73800,2.3,-29.2,-3.6,1.8118,-3.3572,7.0689,-2.6401,3.7588,-8.9825,1.5962,-1
Ru+2,Ru+2,Ru+2,aq,SS98a,NA,1992-04-09,HKF,cal,35900,35250,-26.6,-8.6,-24.5,-1.0908,-10.4415,9.8445,-2.3472,14.5527,-4.7863,1.4574,2
Ru+3,Ru+3,Ru+3,aq,SS98a,NA,1992-04-09,HKF,cal,41440,32270,-70.8,-22.7,-39.4,-2.7297,-14.4406,11.4109,-2.1819,17.2884,-7.6646,2.6532,3
Rh+2,Rh+2,Rh+2,aq,SS98a,NA,1992-04-14,HKF,cal,27700,26400,-28.1,-9.4,-25.9,-1.2799,-10.9008,10.0202,-2.3283,14.2693,-4.9472,1.4769,2
Rh+3,Rh+3,Rh+3,aq,SSWS97,SS98a.2,1997-11-07,HKF,cal,52450,42830,-71.6,-30.2,-43.5,-3.2866,-15.802,11.9492,-2.1256,13.0231,-9.1862,2.6654,3
RuCl+,RuCl+,RuCl+,aq,SS98a,NA,1994-07-14,HKF,cal,5210,-3320,-10.8,14.5,-0.6,1.9308,-3.0699,6.9624,-2.652,21.2945,-0.0789,0.7191,1
RuCl2,RuCl2,RuCl2,aq,SS98a,NA,1994-07-14,HKF,cal,-25060,-44400,-4.8,25.1,26.1,5.327,5.2234,3.7011,-2.9948,20.5817,2.0717,-0.03,0
RuCl3-,RuCl3-,RuCl3-,aq,SS98a,NA,1995-04-13,HKF,cal,-54380,-87830,-9.9,23.1,55.8,10.004,16.6444,-0.7897,-3.467,36.0681,1.6659,1.7777,-1
RuCl4-2,RuCl4-2,RuCl4-2,aq,SS98a,NA,1994-07-14,HKF,cal,-83900,-135800,-29.4,8.5,88.9,15.171,29.259,-5.7435,-3.9885,44.8996,-1.2964,3.6615,-2
RuSO4,Ru(SO4),Ru(SO4),aq,SS98a,NA,1995-03-30,HKF,cal,-145200,-180800,-6.9,-23,-0.49,1.6881,-3.6571,7.1816,-2.6277,-7.5775,-7.7155,-0.03,0
Ru(SO4)2-2,Ru(SO4)2-2,Ru(SO4)2-2,aq,SS98a,NA,1995-03-30,HKF,cal,-325400,-395900,12.9,-37.4,23.5,6.0041,6.8814,3.0404,-3.0634,12.0868,-10.6447,3.0192,-2
Ru(SO4)3-4,Ru(SO4)3-4,Ru(SO4)3-4,aq,SS98a,NA,1995-03-30,HKF,cal,-504800,-610200,32.7,-51.7,47.5,10.2946,17.3557,-1.0726,-3.4964,31.0613,-13.5739,5.9936,-4
RuOH+,Ru(OH)+,Ru(OH)+,aq,SS98a,NA,2015-08-12,HKF,cal,-10470,-22970,-10.6,21.1,-16.8,-0.294,-8.4918,9.07,-2.4278,25.0701,1.2635,0.7096,1
RuO,RuO,RuO,aq,SS98a,NA,1995-04-13,HKF,cal,230,-14260,-17.3,4.2,-19.8,-0.9545,-10.1059,9.7076,-2.3611,8.3516,-2.179,-0.03,0
RuCl+2,RuCl+2,RuCl+2,aq,SS98a,NA,1994-07-25,HKF,cal,7100,-7900,-48.1,28.1,-17.2,0.0193,-7.7277,8.773,-2.4594,39.0719,2.6862,1.7851,2
RuCl2+,RuCl2+,RuCl2+,aq,SS98a,NA,1994-07-14,HKF,cal,-26440,-50940,-37.7,53.8,7.6,3.185,-0.0035,5.7492,-2.7788,48.0114,7.9181,1.1216,1
RuCl3,RuCl3,RuCl3,aq,SS98a,NA,1995-04-13,HKF,cal,-58560,-96380,-40.2,54.4,35.2,6.5729,8.2678,2.4997,-3.1207,37.745,8.0372,-0.03,0
RuCl4-,RuCl4-,RuCl4-,aq,SS98a,NA,1995-04-13,HKF,cal,-89730,-145570,-58.4,29.8,66,11.6414,20.6412,-2.3578,-3.6322,46.8262,3.0435,2.5152,-1
RuCl5-2,RuCl5-2,RuCl5-2,aq,SS98a,NA,1992-04-10,HKF,cal,-120700,-207000,-118.1,23.3,95.3,16.5035,32.5134,-7.0243,-4.123,65.4216,1.7014,5.007,-2
RuCl6-3,RuCl6-3,RuCl6-3,aq,SS98a,NA,1992-04-10,HKF,cal,-151540,-270805,-186.57,-42.9,135,22.814,47.9227,-13.0823,-4.76,51.4456,-11.7651,7.6413,-3
RuSO4+,Ru(SO4)+,Ru(SO4)+,aq,SS98a,NA,1995-03-30,HKF,cal,-139200,-178300,-34.3,-43.1,-12.98,0.3617,-6.89,8.4395,-2.4941,-9.1937,-11.8099,1.0732,4
Ru(SO4)2-,Ru(SO4)2-,Ru(SO4)2-,aq,SS98a,NA,1995-03-30,HKF,cal,-317900,-386900,2.2,-57.5,13.6,4.1644,2.385,4.8162,-2.8775,-12.8031,-14.7391,1.5962,-1
Ru(SO4)3-3,Ru(SO4)3-3,Ru(SO4)3-3,aq,SS98a,NA,1995-03-30,HKF,cal,-495200,-594200,38.7,-71.8,40.1,8.6782,13.4099,0.4753,-3.3333,2.9774,-17.6683,4.2239,-3
RuOH+2,Ru(OH)+2,Ru(OH)+2,aq,SS98a,NA,1995-07-12,HKF,cal,-12190,-25620,-31.5,-1.3,-0.1,2.2708,-2.2384,6.6335,-2.6864,19.5665,-3.2993,1.5372,2
RuO+,RuO+,RuO+,aq,SS98a,NA,1994-07-25,HKF,cal,-10450,-23050,-17.5,-40.9,2.1,2.3302,-2.0945,6.5792,-2.6923,-10.2289,-11.3658,0.8222,1
RhCl+,RhCl+,RhCl+,aq,SS98a,NA,1995-04-14,HKF,cal,-3380,-12670,-12.7,12.7,-2.1,1.7239,-3.5699,7.1476,-2.6313,20.4179,-0.4456,0.7384,1
RhCl2,RhCl2,RhCl2,aq,SS98a,NA,1994-07-14,HKF,cal,-33970,-54250,-7.3,21.6,24.4,5.0891,4.6423,3.9309,-2.9708,18.5235,1.3563,-0.03,0
RhCl3-,RhCl3-,RhCl3-,aq,SS98a,NA,1994-07-14,HKF,cal,-63530,-98200,-13.3,17.1,53.9,9.7552,16.0358,-0.5477,-3.4418,33.0316,0.4568,1.8257,-1
RhCl4-2,RhCl4-2,RhCl4-2,aq,SS98a,NA,1995-04-14,HKF,cal,-93250,-146780,-34.3,-0.54,86.77,14.9002,28.6019,-5.4941,-3.9613,40.2495,-3.1444,3.7338,-2
RhSO4,Rh(SO4),Rh(SO4),aq,SS98a,NA,1995-03-30,HKF,cal,-153500,-189800,-8.5,-23.8,-1.7,1.5195,-4.064,7.3315,-2.6109,-8.0406,-7.8764,-0.03,0
Rh(SO4)2-2,Rh(SO4)2-2,Rh(SO4)2-2,aq,SS98a,NA,1995-03-30,HKF,cal,-334100,-405300,11.2,-38.2,27.5,6.5508,8.2134,2.5221,-3.1184,11.8357,-10.8057,3.0422,-2
Rh(SO4)3-4,Rh(SO4)3-4,Rh(SO4)3-4,aq,SS98a,NA,1995-03-30,HKF,cal,-514100,-620300,30.8,-52.5,46.6,10.1823,17.0821,-0.9968,-3.4851,30.8559,-13.7349,6.0215,-4
RhOH+,Rh(OH)+,Rh(OH)+,aq,SS98a,NA,2015-08-16,HKF,cal,-18290,-31600,-12.6,23.4,-17.7,-0.4074,-8.7688,9.179,-2.4164,26.6834,1.732,0.7384,1
RhO,RhO,RhO,aq,SS98a,NA,1994-07-14,HKF,cal,-7220,-22540,-19.4,6.6,-20.7,-1.0776,-10.4074,9.8276,-2.3487,9.7582,-1.6901,-0.03,0
RhCl+2,RhCl+2,RhCl+2,aq,SS98a,NA,1994-07-14,HKF,cal,18330,2802,-49.1,11.2,-21.7,-0.6015,-9.2461,9.3741,-2.3967,29.2962,-0.7512,1.7975,2
RhCl2+,RhCl2+,RhCl2+,aq,SS98a,NA,1994-07-14,HKF,cal,-14780,-39850,-38.9,20.8,-2.5,2.4942,-1.6943,6.4221,-2.7089,28.8698,1.2113,1.1383,1
RhCl3,RhCl3,RhCl3,aq,SS98a,NA,1994-07-14,HKF,cal,-46190,-84690,-41.7,-1.3,29.5,5.7968,6.3699,3.2526,-3.0422,5.1305,-3.2986,-0.03,0
RhCl4-,RhCl4-,RhCl4-,aq,SS98a,NA,1994-07-14,HKF,cal,-77500,-134200,-60.5,-55.2,59.6,10.7848,18.5549,-1.5489,-3.546,-2.799,-14.2811,2.539,-1
RhSO4+,Rh(SO4)+,Rh(SO4)+,aq,SS98a,NA,1995-03-30,HKF,cal,-127500,-167000,-35.1,-44.6,-16.5,-0.1264,-8.0823,8.9091,-2.4448,-9.9273,-12.1154,1.089,1
Rh(SO4)2-,Rh(SO4)2-,Rh(SO4)2-,aq,SS98a,NA,1995-03-30,HKF,cal,-306100,-375600,1.4,-59,10.5,3.7426,1.356,5.219,-2.835,-13.5564,-15.0447,1.6098,-1
Rh(SO4)3-3,Rh(SO4)3-3,Rh(SO4)3-3,aq,SS98a,NA,1995-03-30,HKF,cal,-483700,-583100,37.9,-73.3,37.5,8.3237,12.5416,0.8232,-3.2974,2.2248,-17.9739,4.2376,-3
RhOH+2,Rh(OH)+2,Rh(OH)+2,aq,SS98a,NA,1995-07-13,HKF,cal,-820,-14620,-32.5,-0.1,-0.3,2.247,-2.2946,6.6503,-2.684,20.365,-3.0549,1.5475,2
RhO+,RhO+,RhO+,aq,SS98a,NA,1994-07-25,HKF,cal,3140,-10010,-18.7,-39.5,1.9,2.3067,-2.1515,6.6002,-2.69,-9.3049,-11.0806,0.8334,1
Ar,Ar,Ar,aq,PS01.1,NA,2000-10-04,HKF,cal,3890,-2880,14.3,52.82,32.6,11.71,-2.39,-44.93,1.91,27.96,9.56,-0.46,0
Xe,Xe,Xe,aq,PS01.1,NA,2000-10-04,HKF,cal,3215,-4540,14.5,64.77,42.5,18.4,-2.39,-59.03,1.43,35.85,13.86,-0.39,0
CO2,NA,CO2,aq,PS01.1,NA,2005-08-18,HKF,cal,-92250,-98900,28.1,51.86,33.5,15.2964,-10.0382,-55.4493,7.4092,36.8069,3.5851,-0.3107,0
CF4,NA,CF4,aq,SSW01,NA,2006-09-01,HKF,cal,-202700,-224680,32.4,105.4,0,0,0,0,0,51.2936,28.0572,-0.3282,0
SF6,NA,SF6,aq,SSW01,NA,2006-09-01,HKF,cal,-259240,-293780,37.2,146.4,0,0,0,0,0,61.295,40.7143,-0.2601,0
NF3,NA,NF3,aq,SSW01,NA,2006-09-01,HKF,cal,-15660,-33515,35.7,82.8,0,0,0,0,0,43.4774,18.2721,-0.2406,0
N2O,NA,N2O,aq,SSW01,NA,2006-09-01,HKF,cal,27100,14660,28.6,6.8,0,0,0,0,0,22.186,-8.3986,-0.1845,0
NO,NA,NO,aq,SSW01,NA,2006-09-01,HKF,cal,24390,18750,28.5,54.4,0,0,0,0,0,35.5212,8.2767,-0.2261,0
ClO2,NA,ClO2,aq,SSW01,NA,2006-09-01,HKF,cal,28700,17900,39.4,-11.4,0,0,0,0,0,17.1013,-14.5788,-0.1234,0
PH3,NA,PH3,aq,SSW01,NA,2006-09-01,HKF,cal,6060,-2680,27.4,50.5,0,0,0,0,0,34.4286,7.0014,-0.2024,0
AsH3,NA,AsH3,aq,SSW01,NA,2006-09-01,HKF,cal,19270,11800,30.2,47.2,0,0,0,0,0,33.5041,4.5253,-0.2009,0
CH3F,NA,CH3F,aq,SSW01,NA,2006-09-01,HKF,cal,-51640,-63360,33.1,45.1,0,0,0,0,0,32.9158,5.2337,-0.17,0
Cl2,NA,Cl2,aq,SSW01,NA,2006-09-01,HKF,cal,1660,-5590,28.9,6.3,0,0,0,0,0,22.0463,-8.4771,-0.1628,0
Am+3,Am+3,Am+3,aq,MS99,NA,1998-02-11,HKF,cal,-142900,-147400,-48.9,NA,NA,-2.9531,-14.9848,11.6223,-2.1594,6.5235,-10.327,2.3161,3
AmOH+2,AmOH+2,AmOH+2,aq,MS99,NA,1998-02-11,HKF,cal,-190845,-186550,-2.5,NA,NA,2.7959,-0.9559,6.128,-2.7394,-4.8573,-10.0418,1.0929,2
AmO+,AmO+,AmO+,aq,MS99,NA,1998-06-27,HKF,cal,-180340,-171250,13.6,NA,NA,2.8674,-0.7813,6.0593,-2.7466,-35.6706,-18.5768,0.3444,1
HAmO2,HAmO2,HAmO2,aq,MS99,NA,1998-06-27,HKF,cal,-221190,-206620,48.7,NA,NA,5.0241,4.4881,3.981,-2.9644,-73.2025,-30.534,-0.03,0
AmF+2,AmF+2,AmF+2,aq,MS99,NA,1998-02-11,HKF,cal,-214880,-220920,-14.2,NA,NA,-2.8891,-14.828,11.5598,-2.1659,19.5254,-2.4822,1.2776,2
AmF2+,AmF2+,AmF2+,aq,MS99,NA,1998-02-11,HKF,cal,-285490,-302130,-10,NA,NA,-2.6218,-14.1804,11.3162,-2.1927,16.1668,-1.8012,0.7003,1
AmF3,AmF3(AQ),AmF3,aq,MS99,NA,1999-01-14,HKF,cal,-355030,-386410,-19.6,NA,NA,-2.3562,-13.5317,11.0616,-2.2196,-9.286,-8.2838,-0.03,0
AmF4-,AmF4-,AmF4-,aq,MS99,NA,1999-01-14,HKF,cal,-423020,-474140,-46,NA,NA,-0.9839,-10.1809,9.7446,-2.3581,-26.7871,-21.93,2.3239,-1
AmCl+2,AmCl+2,AmCl+2,aq,MS99,NA,1998-06-27,HKF,cal,-175710,-184780,-22,NA,NA,-0.2357,-8.3539,9.0265,-2.4336,18.1703,-3.3178,1.3914,2
AmCl2+,AmCl2+,AmCl2+,aq,MS99,NA,1999-01-14,HKF,cal,-207730,-224330,-5,NA,NA,2.8832,-0.7385,6.0333,-2.7484,9.7834,-3.7964,0.6305,1
AmCl3,AmCl3(AQ),AmCl3,aq,MS99,NA,1999-01-18,HKF,cal,-237720,-264600,2.8,NA,NA,6.4188,7.8944,2.6402,-3.1053,-19.2952,-11.7628,-0.03,0
AmCl4-,AmCl4-,AmCl4-,aq,MS99,NA,1999-01-18,HKF,cal,-268230,-308380,0.5,NA,NA,11.1715,19.4992,-1.921,-3.585,-48.4478,-27.2169,1.6238,-1
AmNO3+2,AmNO3+2,AmNO3+2,aq,MS99,NA,1998-06-27,HKF,cal,-171220,-204070,-32,NA,NA,1.3476,-4.4881,7.507,-2.5934,33.6975,1.6122,1.5372,2
Am(NO3)2+,Am(NO3)2+,Am(NO3)2+,aq,MS99,NA,1999-01-18,HKF,cal,-198330,-256390,-4.6,NA,NA,6.1236,7.1736,2.9235,-3.0755,43.5785,7.9761,0.6223,1
AmNO2+2,AmNO2+2,AmNO2+2,aq,MS99,NA,1998-06-27,HKF,cal,-153470,-178190,-29.3,NA,NA,0.7899,-5.8466,8.0341,-2.5372,25.9108,-0.9964,1.5067,2
AmH2PO4+2,AmH2PO4+2,AmH2PO4+2,aq,MS99,NA,1998-06-27,HKF,cal,-417130,-460840,-25.7,NA,NA,1.632,-3.7971,7.2436,-2.6219,43.0978,5.166,1.4477,2
AmSCN+2,AmSCN+2,AmSCN+2,aq,MS99,NA,1998-06-27,HKF,cal,-122510,-136050,-31.7,NA,NA,2.2644,-2.2529,6.636,-2.6858,41.0941,4.183,1.5372,2
Am(SCN)2+,Am(SCN)2+,Am(SCN)2+,aq,MS99,NA,1999-01-22,HKF,cal,-100420,-120030,-4.5,NA,NA,8.0619,11.9065,1.0633,-3.2712,61.241,14.1151,0.6223,1
Am(SCN)3,Am(SCN)3(AQ),Am(SCN)3,aq,MS99,NA,1999-01-22,HKF,cal,-78480,-104000,23.2,NA,NA,14.6427,27.9751,-5.2524,-3.9354,70.5618,19.4692,-0.03,0
Am(HCO3)+2,Am(HCO3)+2,Am(HCO3)+2,aq,MS99,NA,1999-01-22,HKF,cal,-286460,-315940,-26.6,NA,NA,0.7185,-6.0241,8.1108,-2.5299,41.5986,4.614,1.4574,2
Am(ClO4)+2,Am(ClO4)+2,Am(ClO4)+2,aq,MS99,NA,1999-01-22,HKF,cal,-147420,-189870,-35.8,NA,NA,3.4489,0.6429,5.4904,-2.8055,45.5927,5.5441,1.6005,2
AmCO3+,AmCO3+,AmCO3+,aq,MS99,NA,1998-07-19,HKF,cal,-279730,-280130,103.7,NA,NA,-1.7286,-11.9966,10.4522,-2.283,-38.6375,-15.6435,-1.0199,1
Am(CO3)2-,Am(CO3)2-,Am(CO3)2-,aq,MS99,NA,1998-07-19,HKF,cal,-412070,-370270,84.7,NA,NA,0,0,0,0,60.6334,14.891,0.3461,-1
AmSO4+,AmSO4+,AmSO4+,aq,MS99,NA,1998-07-19,HKF,cal,-326080,-314020,-12.4,NA,NA,1.5392,-4.0158,7.3119,-2.6129,-20.9484,-14.6047,0.7384,1
Am(SO4)2-,Am(SO4)2-,Am(SO4)2-,aq,MS99,NA,1998-07-19,HKF,cal,-506130,-485990,-4.5,NA,NA,4.6821,3.6494,4.3193,-2.9298,-25.2191,-18.8824,1.6997,-1
Am(Ac)+2,Am(Ac)+2,AmCH3COO+2,aq,MS99,NA,1999-01-22,HKF,cal,-235220,-266700,-25.2,NA,NA,2.8878,-0.7273,6.0289,-2.7489,57.3678,10.1565,1.4382,2
Am(Ac)2+,Am(Ac)2+,Am(CH3COO)2+,aq,MS99,NA,1999-01-22,HKF,cal,-326360,-385560,-4.1,NA,NA,9.4478,15.2906,-0.2668,-3.4111,102.206,28.3793,0.6143,1
Am(Ac)3,Am(Ac)3(AQ),Am(CH3COO)3,aq,MS99,NA,1999-01-22,HKF,cal,-416630,-505490,10.6,NA,NA,16.8468,33.3569,-7.3677,-4.1579,142.1213,44.3415,-0.03,0
Am(Lac)+2,Am(Lac)+2,AmCH3CH2OCO2+2,aq,MS99,NA,1999-01-25,HKF,cal,-269140,-319200,-30.5,NA,NA,5.0696,4.6,3.935,-2.9691,80.3905,17.9069,1.5168,2
Am(Lac)2+,Am(Lac)2+,Am(CH3CH2OCO2)2+,aq,MS99,NA,1999-01-25,HKF,cal,-396460,-489730,-4.2,NA,NA,14.0044,26.4165,-4.6398,-3.871,155.4532,46.8867,0.6143,1
Am(For)+2,Am(For)+2,AmCHO2+2,aq,MS99,NA,1999-01-25,HKF,cal,-230530,-252410,-25.8,NA,NA,0.9287,-5.5108,7.909,-2.5511,26.7819,-0.505,1.4477,2
Am(For)2+,Am(For)2+,Am(CHO2)2+,aq,MS99,NA,1999-01-25,HKF,cal,-317720,-357420,-4,NA,NA,5.2992,5.1607,3.7147,-2.9923,28.9586,2.9204,0.6143,1
Am(Prop)+2,Am(Prop)+2,AmCH3CH2CO2+2,aq,MS99,NA,1999-01-25,HKF,cal,-233450,-275460,-28,NA,NA,4.8782,4.1327,4.1187,-2.9498,84.5913,19.4948,1.4769,2
Am(Prop)2+,Am(Prop)2+,Am(CH3CH2CO2)2+,aq,MS99,NA,1999-01-25,HKF,cal,-322480,-401070,-3.9,NA,NA,13.6283,25.4982,-4.2788,-3.833,166.3624,50.6784,0.6143,1
Am(But)+2,Am(But)+2,AmCH3(CH2)2CO2+2,aq,MS99,NA,1999-01-25,HKF,cal,-231320,-283770,-30.4,NA,NA,6.9922,9.2945,2.0899,-3.1632,99.7521,24.6365,1.5168,2
Am(But)2+,Am(But)2+,Am(CH3CH2CH2CO2)2+,aq,MS99,NA,1999-01-25,HKF,cal,-318540,-416630,-4.2,NA,NA,18.0692,36.3415,-8.5407,-4.2813,201.6874,62.9565,0.6143,1
Am(Glyc)+2,Am(Glyc)+2,AmCH3OCO2+2,aq,MS99,NA,1999-01-25,HKF,cal,-267840,-307400,-27.8,NA,NA,2.8119,-0.9126,6.1017,-2.7412,58.0507,10.2699,1.4769,2
Am(Glyc)2+,Am(Glyc)2+,Am(CH3OCO2)2+,aq,MS99,NA,1999-01-25,HKF,cal,-391490,-465260,-3.9,NA,NA,9.2598,14.8314,-0.0864,-3.3921,102.9852,28.6502,0.6143,1
Al+3,NA,Al+3,aq,TS01,NA,2006-08-25,HKF,cal,-116510,NA,-81.203,-28.56,-45.3,-3.3984,-16.0789,12.0699,-2.1143,14.4295,-8.8523,2.7403,3
Al(OH)4-,NA,Al(OH)4-,aq,TS01,NA,2006-08-25,HKF,cal,-312087,NA,24.748,23.06,46.3,8.4938,12.9576,0.657,-3.3147,55.7265,-11.4047,1.0403,-1
AlOH+2,NA,AlOH+2,aq,TS01,NA,2006-08-25,HKF,cal,-166425,NA,-43.29,-8.97,-20.6,-0.4532,-8.8878,9.2434,-2.4116,15.4131,-4.8618,1.5897,2
Al(OH)2+,NA,Al(OH)2+,aq,TS01,NA,2006-08-25,HKF,cal,-214987,NA,-6.584,9.76,3.86,2.4944,-1.6909,6.4146,-2.7091,16.7439,-1.0465,0.5324,1
Al(OH)3,NA,Al(OH)3,aq,TS01,NA,2006-08-25,HKF,cal,-263321,NA,14.185,23.65,27.02,5.4624,5.556,3.5662,-3.0087,20.027,1.7829,0,0
AlF+2,NA,AlF+2,aq,TS01,NA,2006-08-25,HKF,cal,-193374,NA,-52.413,-3.41,-17.74,0.0486,-7.6626,8.7618,-2.4622,21.3382,-3.7292,1.882,2
AlF2+,NA,AlF2+,aq,TS01,NA,2006-08-25,HKF,cal,-268382,NA,-29.84,20.88,9.58,3.4523,0.648,5.4953,-2.8058,27.4906,1.2187,0.996,1
AlF3,NA,AlF3,aq,TS01,NA,2006-08-25,HKF,cal,-341248,NA,-14.45,40.33,35.6,6.6365,8.4227,2.4395,-3.1272,29.8025,5.1806,0,0
AlF4-,NA,AlF4-,aq,TS01,NA,2006-08-25,HKF,cal,-411835,NA,-6.691,45.3,57.74,10.3172,17.4096,-1.0929,-3.4987,48.4334,6.193,1.7229,-1
Al(OH)2F2-,NA,Al(OH)2F2-,aq,TS01,NA,2006-08-25,HKF,cal,-361765,NA,45.062,34.18,52.02,9.3237,14.9838,-0.1394,-3.3984,1.8352,21.1478,1.1651,-1
Al(OH)2F,NA,Al(OH)2F,aq,TS01,NA,2006-08-25,HKF,cal,-291441,NA,25.181,19.55,21.52,4.7098,3.7184,4.2885,-2.9327,17.6241,0.9477,0,0
AlOHF2,NA,AlOHF2,aq,TS01,NA,2006-08-25,HKF,cal,-308085,NA,42.004,15.45,16.02,3.9572,1.8807,5.0108,-2.8567,15.2213,0.1126,0,0
AlSO4+,NA,AlSO4+,aq,TS01,NA,2006-08-25,HKF,cal,-298759,NA,-46.724,106.7,-6.17,1.833,-3.3057,7.0494,-2.6423,90.7261,18.7002,2.4143,1
NaAl(OH)3F,NA,NaAl(OH)3F,aq,TS01,NA,2006-08-25,HKF,cal,-398892,NA,71.594,28.2,48,8.3333,12.5657,0.811,-3.2985,22.6935,2.7097,0,0
NaAl(OH)2F2,NA,NaAl(OH)2F2,aq,TS01,NA,2006-08-25,HKF,cal,-403511,NA,128.933,24.2,42.4,7.567,10.6947,1.5464,-3.2211,20.3493,1.8949,0,0
NaAl(OH)4,NA,NaAl(OH)4,aq,TS01,DPS+96,2006-08-25,HKF,cal,-374611,-413601,48.8,32.2,53.6,9.1267,14.3411,0.1121,-3.3719,60.7157,-14.0523,0,0
AlH3SiO4+2,NA,AlH3SiO4+2,aq,TS01,NA,2006-08-25,HKF,cal,-425860,NA,13.57,-71.9,-13.93,0.16,-7.23,8.61,-2.48,37.07,-49.66,0.88,2
LaF+2,NA,LaF+2,aq,MWW09,NA,2010-07-03,HKF,cal,-236290,NA,-28.9,38.62,-36.67,-2.6763,-14.316,11.377,-2.1872,42.7211,4.8321,1.5259,2
CeF+2,NA,CeF+2,aq,MWW09,NA,2010-07-03,HKF,cal,-234190,NA,-24.92,25.38,-42.85,-3.5448,-16.4364,12.2104,-2.0995,34.4101,2.1345,1.4656,2
PrF+2,NA,PrF+2,aq,MWW09,NA,2010-07-03,HKF,cal,-235200,NA,-25.4,21.48,-40.63,-3.2382,-15.6879,11.9162,-2.1305,32.1968,1.3417,1.473,2
NdF+2,NA,NdF+2,aq,MWW09,NA,2010-07-03,HKF,cal,-233150,NA,-26.48,24.73,-41.72,-3.3812,-16.0371,12.0534,-2.116,34.2449,2.0023,1.4892,2
SmF+2,NA,SmF+2,aq,MWW09,NA,2010-07-03,HKF,cal,-232090,NA,-27.08,-5.4,-40.5,-3.2108,-15.621,11.8899,-2.1332,16.6719,-4.1344,1.4983,2
EuF+2,NA,EuF+2,aq,MWW09,NA,2010-07-03,HKF,cal,-210450,NA,-28.85,-11.08,-39.73,-3.0953,-15.339,11.7791,-2.1449,13.5854,-5.2922,1.5251,2
GdF+2,NA,GdF+2,aq,MWW09,NA,2010-07-03,HKF,cal,-231710,NA,-25.91,-11.83,-38.73,-2.9753,-15.046,11.6639,-2.157,12.7413,-5.4446,1.4806,2
TbF+2,NA,TbF+2,aq,MWW09,NA,2010-07-03,HKF,cal,-232790,NA,-30.21,-21.45,-38.53,-2.9233,-14.919,11.614,-2.1622,7.7005,-7.4034,1.5458,2
DyF+2,NA,DyF+2,aq,MWW09,NA,2010-07-03,HKF,cal,-232030,NA,-29.52,-27.14,-39.08,-3.0025,-15.1125,11.69,-2.1543,4.2664,-8.5636,1.5353,2
HoF+2,NA,HoF+2,aq,MWW09,NA,2010-07-03,HKF,cal,-234580,NA,-28.53,-22.87,-40.09,-3.1464,-15.4638,11.8281,-2.1397,6.6315,-7.6938,1.5203,2
ErF+2,NA,ErF+2,aq,MWW09,NA,2010-07-03,HKF,cal,-233060,NA,-32.54,-26.35,-41.66,-3.3383,-15.9323,12.0123,-2.1204,5.1506,-8.4013,1.581,2
TmF+2,NA,TmF+2,aq,MWW09,NA,2010-07-03,HKF,cal,-233080,NA,-31.84,-30.14,-41.66,-3.3423,-15.942,12.0161,-2.12,2.8337,-9.1731,1.5705,2
YbF+2,NA,YbF+2,aq,MWW09,NA,2010-07-03,HKF,cal,-226300,NA,-30.41,-36.41,-43.34,-3.5804,-16.5233,12.2446,-2.0959,-1.0405,-10.4509,1.5488,2
LuF+2,NA,LuF+2,aq,MWW09,NA,2010-07-03,HKF,cal,-232530,NA,-36.16,-32.88,-43.9,-3.6241,-16.6301,12.2865,-2.0915,1.8202,-9.7329,1.6359,2
LaCl+2,NA,LaCl+2,aq,MWW09,NA,2010-07-03,HKF,cal,-196390,NA,-47.06,94.49,-17.46,0.0563,-7.6438,8.7545,-2.463,77.9764,16.2138,1.8009,2
CeCl+2,NA,CeCl+2,aq,MWW09,NA,2010-07-03,HKF,cal,-193910,NA,-46.15,111.04,-23.65,-0.796,-9.7248,9.5724,-2.377,87.5448,19.5834,1.7871,2
PrCl+2,NA,PrCl+2,aq,MWW09,NA,2010-07-03,HKF,cal,-194950,NA,-54.19,148.14,-21.42,-0.4448,-8.8673,9.2354,-2.4124,110.4007,27.1413,1.9089,2
NdCl+2,NA,NdCl+2,aq,MWW09,NA,2010-07-03,HKF,cal,-192950,NA,-51.92,122.49,-22.51,-0.607,-9.2633,9.391,-2.3961,95.0531,21.916,1.8745,2
SmCl+2,NA,SmCl+2,aq,MWW09,NA,2010-07-03,HKF,cal,-191390,NA,-44.42,76.88,-21.3,-0.4843,-8.9637,9.2732,-2.4084,67.2886,12.6257,1.761,2
EuCl+2,NA,EuCl+2,aq,MWW09,NA,2010-07-03,HKF,cal,-169620,NA,-42.31,55.98,-20.52,-0.3896,-8.7326,9.1824,-2.418,54.746,8.3675,1.729,2
GdCl+2,NA,GdCl+2,aq,MWW09,NA,2010-07-03,HKF,cal,-190950,NA,-34.69,31.25,-19.52,-0.2964,-8.505,9.0929,-2.4274,39.2045,3.3318,1.6136,2
TbCl+2,NA,TbCl+2,aq,MWW09,NA,2010-07-03,HKF,cal,-191790,NA,-38.16,26.39,-19.33,-0.2506,-8.3931,9.0489,-2.432,36.8323,2.3408,1.6661,2
DyCl+2,NA,DyCl+2,aq,MWW09,NA,2010-07-03,HKF,cal,-191030,NA,-40.82,34.88,-19.88,-0.3106,-8.5396,9.1065,-2.426,42.1744,4.0696,1.7064,2
HoCl+2,NA,HoCl+2,aq,MWW09,NA,2010-07-03,HKF,cal,-193750,NA,-41.14,43.23,-20.88,-0.4456,-8.8692,9.2361,-2.4123,47.1123,5.7705,1.7113,2
ErCl+2,NA,ErCl+2,aq,MWW09,NA,2010-07-03,HKF,cal,-192230,NA,-41.84,29.13,-22.45,-0.6564,-9.384,9.4384,-2.3911,38.9461,2.8986,1.7219,2
TmCl+2,NA,TmCl+2,aq,MWW09,NA,2010-07-03,HKF,cal,-192250,NA,-42.84,14.93,-22.46,-0.652,-9.3733,9.4342,-2.3915,30.7668,0.0075,1.7371,2
YbCl+2,NA,YbCl+2,aq,MWW09,NA,2010-07-03,HKF,cal,-185320,NA,-38.84,-7.59,-24.13,-0.9035,-9.9872,9.6755,-2.3661,17.0158,-4.5799,1.6765,2
LuCl+2,NA,LuCl+2,aq,MWW09,NA,2010-07-03,HKF,cal,-191690,NA,-42.08,-32.19,-24.69,-0.9615,-10.129,9.7313,-2.3603,3.0453,-9.5913,1.7255,2
LaCl2+,NA,LaCl2+,aq,MWW09,NA,2010-07-03,HKF,cal,-227450,NA,-2.02,-8.19,6.83,2.9168,-0.6596,6.0093,-2.7517,6.6097,-4.7029,0.5747,1
CeCl2+,NA,CeCl2+,aq,MWW09,NA,2010-07-03,HKF,cal,-224990,NA,9.64,-54.21,-0.06,1.9073,-3.1244,6.9781,-2.6498,-21.9709,-14.0772,0.3982,1
PrCl2+,NA,PrCl2+,aq,MWW09,NA,2010-07-03,HKF,cal,-225970,NA,1.82,-22.59,2.42,2.2914,-2.1866,6.6095,-2.6886,-2.3592,-7.6362,0.5166,1
NdCl2+,NA,NdCl2+,aq,MWW09,NA,2010-07-03,HKF,cal,-224000,NA,-1.36,-34.48,1.21,2.144,-2.5465,6.7509,-2.6737,-8.8885,-10.0582,0.5647,1
SmCl2+,NA,SmCl2+,aq,MWW09,NA,2010-07-03,HKF,cal,-222430,NA,-3.21,-34.9,2.56,2.3393,-2.0696,6.5635,-2.6934,-8.8795,-10.1437,0.5927,1
EuCl2+,NA,EuCl2+,aq,MWW09,NA,2010-07-03,HKF,cal,-200660,NA,-10.02,-5.48,3.42,2.4959,-1.6871,6.4131,-2.7093,9.3035,-4.1509,0.6958,1
GdCl2+,NA,GdCl2+,aq,MWW09,NA,2010-07-03,HKF,cal,-221990,NA,-7.61,-2.41,4.53,2.634,-1.3499,6.2806,-2.7232,10.7695,-3.5255,0.6593,1
TbCl2+,NA,TbCl2+,aq,MWW09,NA,2010-07-03,HKF,cal,-222840,NA,-12.4,-2.81,4.75,2.6916,-1.2094,6.2254,-2.729,11.1974,-3.607,0.7319,1
DyCl2+,NA,DyCl2+,aq,MWW09,NA,2010-07-03,HKF,cal,-222050,NA,-17.33,16.06,4.14,2.6363,-1.3444,6.2785,-2.7234,22.9371,0.2368,0.8065,1
HoCl2+,NA,HoCl2+,aq,MWW09,NA,2010-07-03,HKF,cal,-224770,NA,-15.26,9.04,3.02,2.4712,-1.7476,6.4369,-2.7068,18.5365,-1.1932,0.7751,1
ErCl2+,NA,ErCl2+,aq,MWW09,NA,2010-07-03,HKF,cal,-223270,NA,-20.65,4.65,1.27,2.2626,-2.2569,6.6371,-2.6857,16.7094,-2.0874,0.8569,1
TmCl2+,NA,TmCl2+,aq,MWW09,NA,2010-07-03,HKF,cal,-223290,NA,-20.2,4.66,1.26,2.2586,-2.2666,6.6409,-2.6853,16.6521,-2.0854,0.85,1
YbCl2+,NA,YbCl2+,aq,MWW09,NA,2010-07-03,HKF,cal,-216360,NA,-19.22,-4.55,-0.6,1.9985,-2.9017,6.8906,-2.659,11.1191,-3.9614,0.8351,1
LuCl2+,NA,LuCl2+,aq,MWW09,NA,2010-07-03,HKF,cal,-222750,NA,-30.31,11.26,-1.23,1.9757,-2.9572,6.9124,-2.6567,21.9175,-0.7409,1.0031,1
LiCrO4-,NA,LiCrO4-,aq,AML10,NA,2010-07-03,HKF,cal,-246189,-276987,23.021,-1.86,25.17,5.6394,5.9909,2.9644,-3.0267,16.8298,-3.4143,1.2728,-1
NaCrO4-,NA,NaCrO4-,aq,AML10,NA,2010-07-03,HKF,cal,-239025,-266828,38.364,-3.93,24.95,5.5308,5.7256,3.0783,-3.0157,13.4846,-3.8343,1.0404,-1
KCrO4-,NA,KCrO4-,aq,AML10,NA,2010-07-03,HKF,cal,-243870,-269706,48.161,-16.63,33.98,6.7157,8.6197,1.8358,-3.1354,4.6973,-6.4214,0.8921,-1
NH4CrO4-,NA,NH4CrO4-,aq,AML10,NA,2010-07-03,HKF,cal,-195220,-241227,50.414,1.05,43.22,7.9692,11.6814,0.5212,-3.2619,14.7104,-2.8209,0.858,-1
BeCrO4,NA,BeCrO4,aq,AML10,NA,2010-07-03,HKF,cal,-268795,-304575,-14.001,-27.06,7.24,2.7431,-1.0832,6.0017,-2.7343,-9.9664,-8.5462,-0.038,0
MgCrO4,NA,MgCrO4,aq,AML10,NA,2010-07-03,HKF,cal,-286677,-324405,-14.995,-26.44,6.66,2.6638,-1.277,6.0849,-2.7263,-9.6061,-8.4206,-0.038,0
CaCrO4,NA,CaCrO4,aq,AML10,NA,2010-07-03,HKF,cal,-310665,-342487,6.948,-30.19,10.48,3.1862,-0.0009,5.537,-2.779,-11.7978,-9.1847,-0.038,0
SrCrO4,NA,SrCrO4,aq,AML10,NA,2010-07-03,HKF,cal,-313068,-343782,13.152,-32.76,10.36,3.1693,-0.0424,5.5548,-2.7773,-13.2959,-9.707,-0.038,0
BaCrO4,NA,BaCrO4,aq,AML10,NA,2010-07-03,HKF,cal,-312583,-340842,24.015,-35.77,14.65,3.7566,1.3921,4.9389,-2.8366,-15.0586,-10.3215,-0.038,0
RaCrO4,NA,RaCrO4,aq,AML10,NA,2010-07-03,HKF,cal,-313122,-338458,35.729,-38.45,14.92,3.7932,1.4816,4.9005,-2.8403,-16.6254,-10.8678,-0.038,0
MnCrO4,NA,MnCrO4,aq,AML10,NA,2010-07-03,HKF,cal,-233415,-265560,3.57,-24.78,10.63,3.2071,0.0501,5.5151,-2.7811,-8.6346,-8.0819,-0.038,0
FeCrO4,NA,FeCrO4,aq,AML10,NA,2010-07-03,HKF,cal,-200157,-234966,-6.486,-29.87,6.08,2.5844,-1.4709,6.1681,-2.7182,-11.6116,-9.1198,-0.038,0
CoCrO4,NA,CoCrO4,aq,AML10,NA,2010-07-03,HKF,cal,-191358,-226919,-8.365,-29.74,3.14,2.1815,-2.4551,6.5907,-2.6776,-11.5332,-9.0925,-0.038,0
NiCrO4,NA,NiCrO4,aq,AML10,NA,2010-07-03,HKF,cal,-189183,-225989,-12.564,-34.97,0.01,1.7541,-3.4989,7.0388,-2.6344,-14.5885,-10.1577,-0.038,0
CuCrO4,NA,CuCrO4,aq,AML10,NA,2010-07-03,HKF,cal,-162642,-197176,-4.165,-26.92,3.94,2.2914,-2.1867,6.4754,-2.6886,-9.8881,-8.5189,-0.038,0
ZnCrO4,NA,ZnCrO4,aq,AML10,NA,2010-07-03,HKF,cal,-213547,-249673,-7.481,-26.43,4.21,2.328,-2.0972,6.437,-2.6923,-9.5982,-8.4179,-0.038,0
RuCrO4,NA,RuCrO4,aq,AML10,NA,2010-07-03,HKF,cal,-142476,-177806,-7.923,-30.81,4.03,2.3036,-2.1568,6.4626,-2.6899,-12.16,-9.311,-0.038,0
CdCrO4,NA,CdCrO4,aq,AML10,NA,2010-07-03,HKF,cal,-196911,-230863,2.244,-23.97,11.97,3.3903,0.4974,5.323,-2.7996,-8.1646,-7.9181,-0.038,0
PbCrO4,NA,PbCrO4,aq,AML10,NA,2010-07-03,HKF,cal,-184568,-212329,26.114,-36.31,11.97,3.3903,0.4974,5.323,-2.7996,-15.3719,-10.4308,-0.038,0
LaCrO4+,NA,LaCrO4+,aq,AML10,NA,2010-07-03,HKF,cal,-344130,-385189,-35.992,-69.16,-8.55,0.9628,-5.4316,7.8686,-2.5545,-24.183,-17.1222,1.089,1
CeCrO4+,NA,CeCrO4+,aq,AML10,NA,2010-07-03,HKF,cal,-341688,-382654,-32.677,-83.24,-13.46,0.2743,-7.1134,8.5907,-2.485,-32.8713,-19.99,1.0388,1
PrCrO4+,NA,PrCrO4+,aq,AML10,NA,2010-07-03,HKF,cal,-342693,-384306,-33.782,-73.32,-12.3,0.4387,-6.7119,8.4183,-2.5016,-26.9199,-17.9689,1.0555,1
NdCrO4+,NA,NdCrO4+,aq,AML10,NA,2010-07-03,HKF,cal,-340676,-381922,-33.229,-77.2,-12.57,0.3992,-6.8082,8.4597,-2.4976,-29.2689,-18.761,1.0471,1
SmCrO4+,NA,SmCrO4+,aq,AML10,NA,2010-07-03,HKF,cal,-339211,-380739,-34.556,-77.34,-11.59,0.5403,-6.4636,8.3117,-2.5118,-29.1623,-18.7883,1.0672,1
EuCrO4+,NA,EuCrO4+,aq,AML10,NA,2010-07-03,HKF,cal,-317448,-360327,-37.097,-68.35,-10.96,0.6388,-6.2231,8.2084,-2.5218,-23.5588,-16.9584,1.1057,1
GdCrO4+,NA,GdCrO4+,aq,AML10,NA,2010-07-03,HKF,cal,-338700,-379660,-32.898,-67.42,-10.16,0.7272,-6.0071,8.1157,-2.5307,-23.5963,-16.7672,1.0421,1
TbCrO4+,NA,TbCrO4+,aq,AML10,NA,2010-07-03,HKF,cal,-339506,-382393,-38.202,-67.28,-10.6,0.6933,-6.09,8.1513,-2.5273,-22.7779,-16.7399,1.1224,1
DyCrO4+,NA,DyCrO4+,aq,AML10,NA,2010-07-03,HKF,cal,-338743,-382138,-39.529,-61.78,-10.43,0.7245,-6.0137,8.1186,-2.5304,-19.381,-15.6201,1.1425,1
HoCrO4+,NA,HoCrO4+,aq,AML10,NA,2010-07-03,HKF,cal,-341359,-384467,-38.534,-63.93,-11.23,0.6095,-6.2946,8.2391,-2.5188,-20.7732,-16.0571,1.1274,1
ErCrO4+,NA,ErCrO4+,aq,AML10,NA,2010-07-03,HKF,cal,-339868,-384163,-42.954,-65.27,-12.48,0.4612,-6.6568,8.3947,-2.5039,-20.9399,-16.3302,1.1944,1
TmCrO4+,NA,TmCrO4+,aq,AML10,NA,2010-07-03,HKF,cal,-339708,-383997,-42.733,-65.27,-12.48,0.4601,-6.6596,8.3959,-2.5037,-20.9708,-16.3302,1.191,1
YbCrO4+,NA,YbCrO4+,aq,AML10,NA,2010-07-03,HKF,cal,-332935,-375817,-41.407,-68.09,-13.82,0.2701,-7.1235,8.595,-2.4846,-22.8009,-16.9037,1.1709,1
LuCrO4+,NA,LuCrO4+,aq,AML10,NA,2010-07-03,HKF,cal,-339338,-383631,-48.259,-62.19,-14.26,0.2441,-7.187,8.6223,-2.4819,-18.3981,-15.702,1.2747,1
AlCrO4+,NA,AlCrO4+,aq,AML10,NA,2010-07-03,HKF,cal,-300277,-329255,-2.31,-22.05,-0.42,1.9032,-3.1348,6.8825,-2.6495,-1.3566,-7.5261,0.5789,1
GaCrO4+,NA,GaCrO4+,aq,AML10,NA,2010-07-03,HKF,cal,-221635,-251972,-3.871,-4.38,3.45,2.4412,-1.8206,6.3182,-2.7038,9.1844,-3.9271,0.6026,1
InCrO4+,NA,InCrO4+,aq,AML10,NA,2010-07-03,HKF,cal,-207404,-233224,15.343,27.72,8.42,3.0225,-0.4009,5.7087,-2.7625,25.2579,2.6111,0.3116,1
ScCrO4+,NA,ScCrO4+,aq,AML10,NA,2010-07-03,HKF,cal,-325568,-349019,17.745,33.02,9.41,3.1461,-0.099,5.5791,-2.775,28.0199,3.6908,0.2753,1
VCrO4+,NA,VCrO4+,aq,AML10,NA,2010-07-03,HKF,cal,-242299,-263194,24.951,48.92,12.39,3.517,0.8068,5.1902,-2.8124,36.3056,6.9299,0.1662,1
FeCrO4+,NA,FeCrO4+,aq,AML10,NA,2010-07-03,HKF,cal,-189696,-214281,12.187,17.42,7.15,2.8649,-0.7859,5.874,-2.7466,19.6809,0.5132,0.3594,1
YCrO4+,NA,YCrO4+,aq,AML10,NA,2010-07-03,HKF,cal,-348302,-372092,18.946,35.67,9.91,3.2079,0.052,5.5143,-2.7812,29.4008,4.2306,0.2571,1
ZrCrO4+2,NA,ZrCrO4+2,aq,AML10,NA,2010-07-03,HKF,cal,-318046,-354803,-41.459,64.52,-10.25,0.758,-5.9319,8.0834,-2.5338,54.6888,10.109,1.1717,1
RuCrO4+2,NA,RuCrO4+2,aq,AML10,NA,2010-07-03,HKF,cal,-141077,-167607,5.976,6.81,4.55,2.5404,-1.5785,6.2143,-2.7138,14.3488,-1.6477,0.4535,2
ThCrO4+2,NA,ThCrO4+2,aq,AML10,NA,2010-07-03,HKF,cal,-355180,-388722,-27.615,85.52,-8.88,1.059,-5.1967,7.7678,-2.5642,70.0375,14.3862,1.5061,2
H2AsO4-,NA,H2AsO4-,aq,NA03.1,NA,2017-10-17,HKF,J,-753650,-911420,112.38,NA,NA,NA,NA,NA,NA,NA,NA,NA,-1
HAsO4-2,NA,HAsO4-2,aq,NA03.1,NA,2017-10-17,HKF,J,-713730,-908410,-11.42,NA,NA,NA,NA,NA,NA,NA,NA,NA,-2
AsO4-3,NA,AsO4-3,aq,NA03.1,NA,2017-10-17,HKF,J,-646360,-890210,-176.31,NA,NA,NA,NA,NA,NA,NA,NA,NA,-3
H2AsO3-,NA,H2AsO3-,aq,NA03.1,NA,2017-10-17,HKF,J,-587660,-714740,112.79,NA,NA,NA,NA,NA,NA,NA,NA,NA,-1
HAsO3-2,NA,HAsO3-2,aq,NA03.1,NA,2017-10-17,HKF,J,-507400,NA,NA,NA,NA,NA,NA,NA,NA,NA,NA,NA,-2
AsO3-3,NA,AsO3-3,aq,NA03.1,NA,2017-10-17,HKF,J,-421800,NA,NA,NA,NA,NA,NA,NA,NA,NA,NA,NA,-3
As3S4(HS)2-,NA,As3S4(HS)2-,aq,NA03.1,NA,2017-10-17,HKF,J,-125600,NA,NA,NA,NA,NA,NA,NA,NA,NA,NA,NA,-1
AsS(OH)HS-,NA,AsS(OH)HS-,aq,NA03.1,NA,2017-10-17,HKF,J,-244400,NA,NA,NA,NA,NA,NA,NA,NA,NA,NA,NA,-1
AuCl2-,NA,AuCl2-,aq,AZ01,NA,2018-09-07,HKF,cal,-36795,-46664,47.16,-26.4,68.6,11.4774,20.2425,-2.2063,-3.6158,27.0677,-22.44,0.8623,-1
AuHS,NA,AuHS,aq,AZ10,PAB+14,2018-09-07,HKF,cal,8344,13193,50.86,1.8,56.5,9.4965,15.4057,-0.3052,-3.1459,-38.1356,19.6524,0,0
Au(HS)2-,NA,Au(HS)2-,aq,AZ10,NA,2018-09-07,HKF,cal,3487,4703,77.46,3.3,75.1,12.3373,22.3421,-3.0317,-3.7026,-53.601,31.403,0.7673,-1
Au+,NA,Au+,aq,AZ01,NA,2018-09-26,HKF,cal,39000,45182,16.5,0.58,31.4,6.1161,7.152,2.9389,-3.0747,7.7764,-2.9158,0.139,1
Au(OH)2-,NA,Au(OH)2-,aq,AZ01,NA,2018-09-26,HKF,cal,-66553,-94664,12.9,-33.1,24.6,5.4533,5.5338,3.5749,-3.0078,-5.5091,-9.7771,0.8465,-1
AuCl,NA,AuCl,aq,AZ01,NA,2018-09-26,HKF,cal,-3184,-2077,41.73,-15.1,53.1,9.0294,14.2654,0.143,-3.3687,-2.6993,-6.1162,0,0
AuOH,NA,AuOH,aq,AZ01,NA,2018-09-26,HKF,cal,-32716,-41533,21.89,-11.1,32.4,6.1937,7.3415,2.8644,-3.0825,-3.037,-3.9635,0,0
Ag+,NA,Ag+,aq,AZ01,NA,2018-09-26,HKF,cal,18427,25281,17.54,7.9,-0.8,1.7285,-3.5608,7.1496,-2.6318,18.8783,-4.4327,0.216,1
AgOH,NA,AgOH,aq,AZ01,NA,2018-09-26,HKF,cal,-22019,-31173,19.6,-6.42,0.365,1.8149,-3.3498,7.0667,-2.6405,2.4041,-4.3424,0,0
Ag(OH)2-,NA,Ag(OH)2-,aq,AZ01,NA,2018-09-26,HKF,cal,-61901,-88893,15.518,-23.3,-6.84,1.2839,-4.6464,7.5763,-2.5869,3.495,-7.7808,1.2039,-1
AgHS,NA,AgHS,aq,AZ10,NA,2018-09-26,HKF,cal,2314,2722,34.77,1.8,24.5,5.1121,4.7007,3.9024,-2.9733,-36.0117,18.6121,0,0
Ag(HS)2-,NA,Ag(HS)2-,aq,AZ10,NA,2018-09-26,HKF,cal,287,-6636,49,3.4,42.8,7.8651,11.4225,1.2604,-3.2512,13.9576,-2.3624,0.6367,-1
AgCl,NA,AgCl,aq,AZ01,NA,2018-09-26,HKF,cal,-17399,-18816,32.07,-5.328,21.631,4.275,3.7555,4.2739,-2.9343,3.0441,-4.1199,0,0
AgCl2-,NA,AgCl2-,aq,AZ01,NA,2018-09-26,HKF,cal,-51350,-60092,49.78,-16.6,37.1,7.1327,9.8065,1.8947,-3.1844,4.8953,-6.7789,0.6667,-1
AgCl3-2,NA,AgCl3-2,aq,AVZP06,NA,2018-09-26,HKF,cal,-82640,-105613,46.16,NA,NA,14.504,27.6353,-5.1192,-3.9214,24.7396,-4.6459,2.544,-2
Cu+,NA,Cu+,aq,AZ01,NA,2018-09-26,HKF,cal,11940,19220,16.726,3.465,-3.542,1.4159,-4.3243,7.4497,-2.6002,11.4699,-2.3288,0.3587,1
CuOH,NA,CuOH,aq,AZ01,NA,2018-09-26,HKF,cal,-31093,-38208,24.191,-11.378,-1.981,1.4939,-4.1337,7.3748,-2.6081,58.5587,-34.416,0,0
Cu(OH)2-,NA,Cu(OH)2-,aq,AZ01,NA,2018-09-26,HKF,cal,-77870,-106032,9.346,-32.486,-9.582,0.9626,-5.4309,7.8846,-2.5545,-0.5862,-9.652,1.3466,-1
CuHS,NA,CuHS,aq,AZ10,NA,2018-09-26,HKF,cal,-3401,883,45.56,-8.7,38.3,4.7896,3.9132,4.2119,-2.9408,5.3754,-3.3096,0,0
Cu(HS)2-,NA,Cu(HS)2-,aq,AZ10,NA,2018-09-26,HKF,cal,-5902,-12725,47.09,-1.2,70.1,11.649,20.6614,-2.371,-3.6331,12.6022,-3.2693,0.7794,-1
CuCl,NA,CuCl,aq,AZ01,NA,2018-09-26,HKF,cal,-24594,-25824,30.455,-8.483,19.285,4.404,2.9716,4.582,-2.9018,1.195,-4.7626,0,0
CuCl2-,NA,CuCl2-,aq,AZ01,NA,2018-09-26,HKF,cal,-57610,-63330,57.67,-20.907,34.754,6.8266,8.8868,2.257,-3.1464,1.2981,-7.2932,0.8094,-1
Zn+2,NA,Zn+2,aq,AT14,NA,2018-09-26,HKF,cal,-35200,-36660,-26.2,-5.6,-24.3,-1.0676,-8.929,6.1282,-2.4098,18.74,-5.37,1.4574,2
ZnOH+,NA,ZnOH+,aq,AT14,NA,2018-09-26,HKF,cal,-80044,-93794,-11.666,22.3,-17.3,-0.3531,-8.6454,9.1474,-2.4217,46.966,-8.8536,0.7212,1
ZnO,NA,ZnO,aq,AT14,NA,2018-09-26,HKF,cal,-65720,-72176,12.8,-30.1,-6.2,0.9111,-5.5568,7.9341,-2.5493,-34.6899,2.2629,0,0
HZnO2-,NA,HZnO2-,aq,AT14,NA,2018-09-26,HKF,cal,-110156,-138692,-5.546,-11.4,-7.8,1.2749,-4.6685,7.585,-2.586,15.6643,-5.5661,1.7055,-1
ZnO2-2,NA,ZnO2-2,aq,AT14,NA,2018-09-26,HKF,cal,-93290,-132100,-40,-15,-26.4,-0.5559,-9.1347,9.3301,-2.4013,32.5837,-6.09,3.8216,-2
Zn(HS)2,NA,Zn(HS)2,aq,AT14,NA,2018-09-26,HKF,cal,-42792,-50529,30.53,53.7,32,6.1421,7.2155,2.914,-3.0773,81.1221,-13.4994,0,0
Zn(HS)2OH-,NA,Zn(HS)2OH-,aq,AT14,NA,2018-09-26,HKF,cal,-90721,-116445,25.91,57.1,39.4,7.5746,10.7133,1.5391,-3.2219,-64.8659,65.6117,1.2291,-1
Zn(HS)3-,NA,Zn(HS)3-,aq,AT14,NA,2018-09-26,HKF,cal,-44740,-59813,44.792,69.3,64.7,10.9401,18.9305,-1.6907,-3.5616,55.4643,11.0798,0.9432,-1
Zn(HS)4-2,NA,Zn(HS)4-2,aq,AT14,NA,2018-09-26,HKF,cal,-43397,-65432,60.31,79.6,119.8,16.3691,32.1862,-6.9009,4.1096,74.2973,13.186,2.3296,-2
ZnCl+,NA,ZnCl+,aq,AT14,NA,2018-09-26,HKF,cal,-67094,-73072,0.94,21.9,-0.3,1.8973,-3.1487,6.9876,-2.6488,37.1358,-5.1114,0.5299,1
ZnCl2,NA,ZnCl2,aq,AT14,NA,2018-09-26,HKF,cal,-98569,-109904,25.219,39.4,26.3,5.3707,5.3321,3.6543,-2.9994,29.2692,4.9953,0,0
ZnCl3-,NA,ZnCl3-,aq,AT14,NA,2018-09-26,HKF,cal,-130030,-150605,36.477,47.3,56.1,9.78,16.0979,-0.5773,-3.4445,63.5202,-3.4116,1.0048,-1
ZnCl4-2,NA,ZnCl4-2,aq,AT14,NA,2018-09-26,HKF,cal,-160142,-189668,48.709,49.5,89.2,14.82,28.404,-5.4143,-3.9532,79.2287,-3.2725,2.4996,-2
HCl,NA,HCl,aq,TZA97,NA,2018-09-26,HKF,cal,-30411,-42882,0.42,35.74,16.38,16.1573,-11.4311,-46.1866,-2.3036,46.4716,-5.2811,0,0
Pd+2,NA,Pd+2,aq,TBZ+13,NA,2018-09-26,HKF,cal,45204,49359,-8.23,-1.6,-15.7,0.0259,-7.7181,8.7836,-2.4599,16.4002,-3.3612,1.2128,2
PdOH+,NA,PdOH+,aq,TBZ+13,NA,2018-09-26,HKF,cal,-10450,-18096,7.9,-0.01,-8.45,0.7528,-5.9431,8.086,-2.5333,12.0135,-3.9905,0.4245,1
PdOH(HS)3-2,NA,PdOH(HS)3-2,aq,TBZ+13,NA,2018-09-26,HKF,cal,-64122,-106114,9.37,-15.192,18.335,5.322,5.2133,3.7009,-2.9945,25.8341,-6.1292,3.1012,-2
PdO,NA,PdO,aq,TBZ+13,NA,2018-09-26,HKF,cal,-5769,-14249,5.1,-21.31,-9.71,0.437,-6.7144,8.3891,-2.5014,-34.1124,6.2981,0,0
HPdO2-,NA,HPdO2-,aq,TBZ+13,NA,2018-09-26,HKF,cal,-47694,-71562,9.2,-44.98,-0.17,2.2889,-2.1926,6.6118,-2.6884,-25.0905,-3.0661,1.4822,-1
Pd(HS)2,NA,Pd(HS)2,aq,TBZ+13,NA,2018-09-26,HKF,cal,-16247,-32818,-0.01,21.63,-1.454,1.5661,-3.9575,7.3055,-2.6154,18.8429,1.3714,0,0
Pd(HS)3-,NA,Pd(HS)3-,aq,TBZ+13,NA,2018-09-26,HKF,cal,-17986,-34932,37.6,-53.372,24.502,5.4739,5.5839,3.5552,-3.0098,-15.4092,-13.9064,1.0532,-1
PdCl+,NA,PdCl+,aq,TBZ+13,NA,2018-09-26,HKF,cal,6974,3831,9.54,30.253,9.238,3.1642,-0.0554,5.7718,-2.7767,27.5783,3.1279,0.3996,1
PdCl2,NA,PdCl2,aq,TBZ+13,NA,2018-09-26,HKF,cal,-29095,-39319,28.04,55.78,37.02,6.8314,8.8985,2.2524,-3.1469,38.8581,8.3281,0,0
PdCl3-,NA,PdCl3-,aq,TBZ+13,NA,2018-09-26,HKF,cal,-63311,-81260,44.38,74.984,67.98,11.3883,20.0249,-2.1208,-3.6068,58.8583,12.2396,0.9494,-1
PdCl4-2,NA,PdCl4-2,aq,TBZ+13,NA,2018-09-26,HKF,cal,-95882,-124686,50.22,87.859,102.47,16.626,32.8134,-7.1474,-4.1355,80.5271,14.8622,2.4824,-2
Pt+2,NA,Pt+2,aq,TBB15,NA,2018-10-10,HKF,cal,53870,53388,-22.9,13.4,-35.25,-2.5738,-14.0657,11.2786,-2.1975,27.2396,-0.3032,1.4344,2
PtCl+,NA,PtCl+,aq,TBB15,NA,2018-10-10,HKF,cal,14608,6857,-5.03,64,-12.34,0.286,-7.0829,8.534,-2.4862,49.4064,10.0082,0.6203,1
PtCl2,NA,PtCl2,aq,TBB15,NA,2018-10-10,HKF,cal,-22697,-37511,13.53,121.7,13.18,3.5685,0.9318,5.3838,-2.8175,77.4811,21.7525,0,0
PtCl3-,NA,PtCl3-,aq,TBB15,NA,2018-10-10,HKF,cal,-58216,-80732,29.95,187.4,41.6,7.8523,11.3912,1.2727,-3.2499,126.7713,35.1357,1.1679,-1
PtCl4-2,NA,PtCl4-2,aq,TBB15,NA,2018-10-10,HKF,cal,-91665,-125004,35.9,-47.5,73.28,12.7049,23.2396,-3.3844,-3.7397,3.166,-12.7168,2.6993,-2
S3-,NA,S3-,aq,PD15,NA,2018-08-02,HKF,cal,13160,10840,28.6,62.3,37.7,2.5,19.9,9.2,-3.6,50.2,9.6,0.8,-1
As(OH)3,NA,As(OH)3,aq,PPB+08.1,NA,2020-07-27,HKF,J,-639800,-737300,212.4,85,47.5,45.2,16.1,43.7,-18,186.2,-47.7,0.52,0
AsO(OH)3,NA,AsO(OH)3,aq,PPB+08.1,NA,2020-07-27,HKF,J,-766300,-898600,198.3,105,53,48.1,11.7,54.4,-12.6,198.7,-42.1,1,0
CoCl+,NA,CoCl+,aq,LBT+11,NA,2020-09-18,HKF,cal,-45107.8,-51953.1,-4.69,-2.83,-1.5,2.1345,-2.5699,6.6399,-2.6728,19.6416,-3.6228,1.7005,1
CoCl2(oct),NA,CoCl2,aq,LBT+11,NA,2020-09-18,HKF,cal,-75781.9,-93044.7,2.62,1.11,25.06,5.1814,4.8721,3.4447,-2.9805,6.1805,-2.8194,-0.038,0
CoCl2(tet),NA,CoCl2,aq,LBT+11,NA,2020-09-18,HKF,cal,-73419.7,-96173.2,-15.7962,139.332,25.06,5.1814,4.8721,3.4448,-2.9805,90.315,25.336,-0.038,0
CoCl4-2,NA,CoCl4-2,aq,LBT+11,NA,2020-09-18,HKF,cal,-134150,-171558,19.55,72.09,27.74,6.5467,8.2069,2.013,-3.1183,76.3357,11.6389,2.9159,-2
FeCO3,NA,FeCO3,aq,SPD+19,NA,2020-10-05,HKF,cal,-155442,-183875,-13.97,-30,NA,NA,NA,NA,NA,-11.7653,-9.1456,-0.038,0
MnCO3,NA,MnCO3,aq,SPD+19,NA,2020-10-05,HKF,cal,-187703,-213178,-2.93,-26.2,NA,NA,NA,NA,NA,-9.5383,-8.3715,-0.038,0
ZnCO3,NA,ZnCO3,aq,SPD+19,NA,2020-10-05,HKF,cal,-167872,-197642,-15.06,-27.43,NA,NA,NA,NA,NA,-10.2592,-8.6221,-0.038,0
CuCO3,NA,CuCO3,aq,SPD+19,NA,2020-10-05,HKF,cal,-119725,-147820,-11.42,-27.8,NA,NA,NA,NA,NA,-10.476,-8.6975,-0.038,0
CdCO3,NA,CdCO3,aq,SPD+19,NA,2020-10-05,HKF,cal,-150754,-178085,-4.39,-25.6,NA,NA,NA,NA,NA,-9.1867,-8.2493,-0.038,0
PbCO3,NA,PbCO3,aq,SPD+19,NA,2020-10-05,HKF,cal,-140701,-161150,21.81,-34.8,NA,NA,NA,NA,NA,-14.5784,-10.1234,-0.038,0
CoCO3,NA,CoCO3,aq,SPD+19,NA,2020-10-05,HKF,cal,-145208,-174468,-16.03,-29.9,NA,NA,NA,NA,NA,-11.7067,-9.1252,-0.038,0
NiCO3,NA,NiCO3,aq,SPD+19,NA,2020-10-05,HKF,cal,-143681,-174283,-20.64,-33.8,NA,NA,NA,NA,NA,-13.9924,-9.9197,-0.038,0
Fe(CO3)2-2,NA,Fe(CO3)2-2,aq,SPD+19,NA,2020-10-05,HKF,cal,-283939,-354507,-33.02,-56.1,NA,NA,NA,NA,NA,7.4869,-14.4622,3.712,-2
Zn(CO3)2-2,NA,Zn(CO3)2-2,aq,SPD+19,NA,2020-10-05,HKF,cal,-294950,-366798,-34.11,-53.53,NA,NA,NA,NA,NA,9.1454,-13.9387,3.7286,-2
Cu(CO3)2-2,NA,Cu(CO3)2-2,aq,SPD+19,NA,2020-10-05,HKF,cal,-250760,-321123,-30.47,-53.9,NA,NA,NA,NA,NA,8.4209,-14.014,3.6735,-2
Pb(CO3)2-2,NA,Pb(CO3)2-2,aq,SPD+19,NA,2020-10-05,HKF,cal,-271913,-336371,2.76,-60.9,NA,NA,NA,NA,NA,-0.3186,-15.4399,3.1701,-2
NaCO3-,NA,NaCO3-,aq,SPD+19,NA,2020-10-05,HKF,cal,-189567,-223464,-10.94,-8.82,NA,NA,NA,NA,NA,-12.4895,-4.8318,-1.4638,-1
KCO3-,NA,KCO3-,aq,SPD+19,NA,2021-02-25,HKF,cal,-194252,-215525,17.89,-16.12,NA,NA,NA,NA,NA,-20.7896,-6.3182,-1.9005,-1
LiCO3-,NA,LiCO3-,aq,SPD+19,NA,2021-02-25,HKF,cal,-196650,-238469,-42.81,-3.9,NA,NA,NA,NA,NA,-5.1587,-3.829,-0.9812,-1
RbCO3-,NA,RbCO3-,aq,SPD+19,NA,2021-02-25,HKF,cal,-194535,-218275,31.05,-21.1,NA,NA,NA,NA,NA,-25.5442,-7.3327,-2.0998,-1
NH4CO3-,NA,NH4CO3-,aq,SPD+19,NA,2021-02-25,HKF,cal,-145926,-190926,24.74,-2.36,NA,NA,NA,NA,NA,-13.681,-3.5153,-2.0042,-1
FeHCO3+,NA,FeHCO3+,aq,SPD+19,NA,2020-10-05,HKF,cal,-164158,-184997,11.5,55.02,NA,NA,NA,NA,NA,41.887,8.1736,0.377,1
MnHCO3+,NA,MnHCO3+,aq,SPD+19,NA,2021-02-25,HKF,cal,-198070,-214597,23.97,63.57,NA,NA,NA,NA,NA,45.1584,9.9153,0.1882,1
ZnHCO3+,NA,ZnHCO3+,aq,SPD+19,NA,2020-10-05,HKF,cal,-177692,-199910,10.27,60.81,NA,NA,NA,NA,NA,45.4479,9.3515,0.3957,1
CuHCO3+,NA,CuHCO3+,aq,SPD+19,NA,2020-10-05,HKF,cal,-127117,-147520,14.38,59.97,NA,NA,NA,NA,NA,44.3866,9.1819,0.3334,1
CdHCO3+,NA,CdHCO3+,aq,SPD+19,NA,2020-10-05,HKF,cal,-161571,-180938,22.33,64.92,NA,NA,NA,NA,NA,46.179,10.1903,0.2131,1
PbHCO3+,NA,PbHCO3+,aq,SPD+19,NA,2021-02-25,HKF,cal,-149253,-160727,51.92,44.22,NA,NA,NA,NA,NA,29.9188,5.9737,-0.235,1
CoHCO3+,NA,CoHCO3+,aq,SPD+19,NA,2020-10-05,HKF,cal,-156284,-178030,9.17,55.25,NA,NA,NA,NA,NA,42.3438,8.2195,0.4123,1
NiHCO3+,NA,NiHCO3+,aq,SPD+19,NA,2020-10-05,HKF,cal,-154211,-176473,7.33,46.47,NA,NA,NA,NA,NA,37.4577,6.432,0.4401,1
NaHCO3,NA,NaHCO3,aq,SPD+19,NA,2020-10-05,HKF,cal,-203093,-222193,38.69,47.88,NA,NA,NA,NA,NA,33.9093,6.7192,-0.0347,0
KHCO3,NA,KHCO3,aq,SPD+19,NA,2021-02-25,HKF,cal,-207103,-219419,52.08,31.95,NA,NA,NA,NA,NA,22.7051,3.4743,-0.2375,0
FeSO4,NA,FeSO4,aq,SPD+19,NA,2021-02-25,HKF,cal,-203129,-238307,-5.8,-28.4,NA,NA,NA,NA,NA,-10.8255,-8.819,-0.038,0
HNbO3,NA,HNbO3,aq,AKK+20,NA,2021-03-20,HKF,cal,-226539,-256803,-3.64,82.798,77.961,12.4158,22.657,-3.1551,-3.7156,54.5875,13.9305,0.0119,0
HTaO3,NA,HTaO3,aq,AKK+20,NA,2021-03-20,HKF,cal,-242833,-275401,-10.15,90.396,91.282,14.0782,28.7832,-7.9346,-3.9689,58.6881,15.7442,0.0347,0
NbO2+,NA,NbO2+,aq,AKK+20,NA,2021-03-20,HKF,cal,-172426,-195178,-34.19,120.211,56.993,9.9318,16.4686,-0.7228,-3.4598,86.1532,21.0385,1.0563,1
NbO3-,NA,NbO3-,aq,AKK+20,NA,2021-03-20,HKF,cal,-219884,-251041,-6.64,-53.324,55.763,9.9938,16.6199,-0.7823,-3.4661,-10.9133,-13.8971,1.7214,-1
TaO2+,NA,TaO2+,aq,AKK+20,NA,2021-03-20,HKF,cal,-186385,-210781,-38.48,127.38,70.18,11.7607,20.9342,-2.4779,-3.6444,90.0908,22.9127,1.1263,1
TaO3-,NA,TaO3-,aq,AKK+20,NA,2021-03-20,HKF,cal,-233235,-266837,-13.62,-46.481,68.84,11.8213,21.0822,-2.5361,-3.6505,-6.0342,-12.5026,1.8272,-1
NbOF3,NA,NbOF3,aq,AKK+20,NA,2021-03-20,HKF,cal,-340903,-353726,62.9,-11.352,-117.29,-14.494,-39.925,14.7454,-1.1285,-5.4605,-5.0781,-0.5378,0
TaOF3,NA,TaOF3,aq,AKK+20,NA,2021-03-20,HKF,cal,-353531,-365642,66.51,-11.173,-118.44,-14.654,-40.226,14.7116,-1.1161,-5.405,-5.0203,-0.5386,0
HNbO3F-,NA,HNbO3F-,aq,AKK+20,NA,2021-03-20,HKF,cal,-297901,-318676,68.03,-104.73,75.003,12.2344,22.0907,-2.9325,-3.6922,-50.4591,-24.311,0.5913,-1
HTaO3F-,NA,HTaO3F-,aq,AKK+20,NA,2021-03-20,HKF,cal,-296835,-300079,128.05,-148.17,86.4,14.0434,25.5077,-4.6685,-3.8748,-69.9033,-33.2161,1.3079,-1
H2WO4,NA,H2WO4,aq,LXW21,NA,2021-09-27,HKF,cal,-232653,-276736.39,-10.757,125.839,-114.547,-13.9096,-41.7437,22.1569,-1.0533,79.916,22.5989,0,0
UO2OH+,UO2OH+,UO2OH+,aq,MBA+24,NA,2024-04-23,HKF,cal,-277188,-300762,6.48,77.91,20.7,4.7507,3.8183,4.2494,-2.9369,56.0019,12.8361,0.4531,1
UO3,UO3,UO3,aq,MBA+24,NEA20.1,2024-04-23,HKF,cal,-267659,-292369,2.67,-0.8,14.8,3.7774,1.4418,5.1834,-2.8386,5.3475,-3.1975,-0.038,0
HUO4-,HUO4-,HUO4-,aq,SSB97,NA,1994-05-18,HKF,cal,-314800,-362900,-20.2,22.1,18.4,4.9364,4.2748,4.0637,-2.9556,36.9351,1.4672,1.9339,-1
UO2Cl+,UO2Cl+,UO2Cl+,aq,MBA+24,NA,2024-04-23,HKF,cal,-259342,-283192,-7.92,53.65,33.12,6.5237,8.1473,2.5479,-3.1158,43.792,7.8937,0.6712,1
UO2Cl2,UO2Cl2,UO2Cl2,aq,MBA+24,NA,2024-04-23,HKF,cal,-289862,-317554,21.47,6.28,63.63,10.4596,17.7573,-1.2292,-3.5131,9.4946,-1.7562,-0.038,0
UO2SO4,UO2SO4,UO2SO4,aq,MBA+24,NA,2024-04-23,HKF,cal,-410182,-460211,-1.04,109.16,21.21,4.6545,3.5834,4.3417,-2.9271,69.7926,19.2018,-0.038,0
UO2(SO4)2-2,UO2(SO4)2-2,UO2(SO4)2-2,aq,MBA+24,NA,2024-04-23,HKF,cal,-589461,-673514,21.8,67.87,36.69,7.7597,11.165,1.3618,-3.2406,72.4911,10.7898,2.8819,-2
UO2CO3,UO2CO3,UO2CO3,aq,MBA+24,NA,2024-04-23,HKF,cal,-367270,-403994,12.78,-59.3,2.31,2.0683,-2.7313,6.8236,-2.6661,-0.8475,-28.9369,-0.038,0
UO2(CO3)2-2,UO2(CO3)2-2,UO2(CO3)2-2,aq,MBA+24,NA,2024-04-23,HKF,cal,-502825,-564657,34.72,-28.8,-1.11,2.521,-1.626,6.3892,-2.7118,-42.4375,18.8896,2.6863,-2
UO2(CO3)3-4,UO2(CO3)3-4,UO2(CO3)3-4,aq,MBA+24,NA,2024-04-23,HKF,cal,-635898,-741562,-6.14,-48.3,-4.53,3.3318,0.3538,5.6111,-2.7936,-59.7866,34.9856,6.4701,-4
Ta(OH)3F3-,Ta(OH)3F3-,Ta(OH)3F3-,aq,HET+24,NA,2024-12-26,HKF,cal,-464794,NA,49.87,102.537,60.003,8.517,72.6759,-126.173,-6.85,94.3167,6.6323,0.5706,-1
TaF7-2,TaF7-2,TaF7-2,aq,HET+24,NA,2024-12-26,HKF,cal,-585453,NA,46.13,-57.1404,60.309,4.4045,-109.973,371.972,0.8805,268.318,-150.173,3.3215,-2
Sn+4,Sn+4,Sn+4,aq,LYX23,NA,2025-01-05,HKF,cal,600,-18083.8,-112.9,-56.12,-61.76,-5.3731,-20.9004,13.9648,-1.915,9.0585,-14.4665,3.884,4
Th+4,Th+4,Th+4,aq,LYX23,SSWS97.6,2025-01-05,HKF,cal,-168500,-183800,-101,-53.54,-60.6,-5.2739,-20.6582,13.8696,-1.925,8.9637,-13.9401,3.7093,4
Sn+2,Sn+2,Sn+2,aq,LYX23,SSWS97.6,2025-01-05,HKF,cal,-6570,-2100,-4,-11.14,-15.5584,0.0142,-7.7466,8.7948,-2.4588,9.9465,-5.3042,1.119,2
SnCl+,SnCl+,SnCl+,aq,LYX23,NA,2025-01-05,HKF,cal,-39962,-41670,17.5442,8.7913,9.2717,3.1277,-0.1446,5.8069,-2.773,13.8796,-1.2438,0.278,1
SnCl2,SnCl2,SnCl2,aq,LYX23,NA,2025-01-05,HKF,cal,-72232,-81852,33.2825,13.9082,37.0637,6.8239,8.8804,2.2598,-3.1461,13.9676,-0.2015,-0.038,0
SnCl3-,SnCl3-,SnCl3-,aq,LYX23,NA,2025-01-05,HKF,cal,-103547,-121668,47.0481,4.2091,68.0292,11.3814,20.0081,-2.1139,-3.6061,17.0106,-2.1772,0.9093,-1
Pd(HS)4-2,Pd(HS)4-2,Pd(HS)4-2,aq,LBP24,NA,2025-02-15,HKF,cal,-11724,NA,52.919,-3.05,125.4,19.729,40.39,-10.1248,-4.4487,-6.481,12.5693,2.4,-2
Pt(HS)4-2,Pt(HS)4-2,Pt(HS)4-2,aq,LBP24,NA,2025-02-15,HKF,cal,-14980,NA,45.303,48.502,126.9,19.9782,40.9985,-10.364,-4.4739,50.4082,10.5321,2.53,-2
YF+2,YF+2,YF+2,aq,LMW+13,NA,2025-06-01,HKF,cal,-237220,NA,-33.37,55.17,-31.65,-1.9638,-12.5762,10.6931,-2.2591,53.0391,8.2035,1.5936,2
YF2+,YF2+,YF2+,aq,LMW+13,NA,2025-06-01,HKF,cal,-308470,NA,-14.33,108.105,-28.19,-1.8049,-12.1883,10.5407,-2.2751,76.4665,18.9864,0.7611,1
CdCl+,NA,CdCl+,aq,HB24,BZA10,2023-07-07,HKF,cal,-52629,NA,7.06,11.12,2.2,2.2303,-2.3357,6.6681,-2.6824,16.6723,-0.7693,0.4372,1
CdCl2,NA,CdCl2,aq,HB24,BZA10,2023-07-07,HKF,cal,-84883,NA,25.72,116.01,42.21,7.5221,10.5852,1.5895,-3.2166,73.7023,20.5956,-0.0495,0
CdCl3-,NA,CdCl3-,aq,HB24,BZA10,2023-07-07,HKF,cal,-115399,NA,45.15,97.78,63.47,10.8045,18.5994,-1.5605,-3.5479,72.0244,16.8832,0.9378,-1
CdCl4-2,NA,CdCl4-2,aq,HB24,BZA10,2023-07-07,HKF,cal,-145583,NA,50.61,42.52,81.35,13.8329,25.9938,-4.4669,-3.8536,53.6766,5.6267,2.4766,-2
GaOH+2,GaOH+2,GaOH+2,aq,HB24,Bla17.1,2023-07-07,HKF,J,-383045,-368550,126.692,170.42,-5.707,0.5188,-31.2921,36.3548,-10.3303,62.4713,11.2717,-10.3303,2
Ga(OH)2+,Ga(OH)2+,Ga(OH)2+,aq,HB24,Bla17.1,2023-07-07,HKF,J,-594881,-672710,50.292,77.94,9.63,12.8156,-1.2636,24.5559,-11.5729,69.4628,3.2217,-0.2343,1
Ga(OH)3,Ga(OH)3,Ga(OH)3,aq,HB24,Bla17.1,2023-07-07,HKF,J,-805462,-928286,132.633,112.46,30.964,25.1124,28.7608,12.7528,-12.8156,91.7091,10.2131,0,0
Ga(OH)4-,Ga(OH)4-,Ga(OH)4-,aq,HB24,Bla17.1,2023-07-07,HKF,J,-1021440,-1212749,136.189,114.19,49.552,34.4996,67.3536,-2.4204,-14.4118,158.148,-4.3221,4.2731,-1
GaSO4+,GaSO4+,GaSO4+,aq,HB24,HB24.1,2023-07-07,HKF,cal,-219750,-262279,-42.5,-47.98,-3.9,1.6345,-3.7905,7.2399,-2.6223,-12.8072,-10.9423,1.1948,1
Ga(SO4)2-,Ga(SO4)2-,Ga(SO4)2-,aq,HB24,HB24.1,2023-07-07,HKF,cal,-400818,-473276,-6,-69.45,32.69,1.9788,-3.3569,7.0695,-2.6402,-17.1818,-27.5761,1.7204,-1
Ge(OH)4,Ge(OH)4,Ge(OH)4,aq,HB24,PS98.1,2019-11-28,HKF,cal,-231200,-267000,47.83,50,54.9,9.29,14.9,-0.11,-3.4,57.1,-3.5,0,0
GeO(OH)3-,GeO(OH)3-,GeO(OH)3-,aq,HB24,PS98.1,2019-11-28,HKF,cal,-218500,-260500,27.14,18,27.14,5.96,6.77,3.09,-3.06,27.66,0.63,1.2,-1
InCl+2,InCl+2,InCl+2,aq,HB24,BS23,2023-07-07,HKF,cal,-58530.66,-72848.139,-38.803,44.059,-12.821,-2.446,6.363,-2.992,-3.042,47.137,5.94,1.644,2
InCl2+,InCl2+,InCl2+,aq,HB24,BS23,2023-07-07,HKF,cal,-92119.729,-115233.655,-26.056,84.938,12.449,-2.094,5.446,36.329,-3.004,64.639,14.267,0.944,1
InCl3,InCl3,InCl3,aq,HB24,BS23,2023-07-07,HKF,cal,-124358.201,-159711.136,-24.855,107.036,40.603,-1.604,4.172,79.3,-2.951,68.62,18.769,-0.03,0
InF+2,InF+2,InF+2,aq,HB24,BS23,2023-07-07,HKF,cal,-97424.777,-106461.775,-23.527,48.161,-31.931,-2.328,6.056,-36.052,-3.029,47.381,6.776,1.41,2
InF2+,InF2+,InF2+,aq,HB24,BS23,2023-07-07,HKF,cal,-169539.617,-189147.026,-19.166,94.733,-27.953,-2.044,5.317,-31.841,-2.999,69.469,16.262,0.845,1
InF3,InF3,InF3,aq,HB24,BS23,2023-07-07,HKF,cal,-240426.641,-275647.027,-31.717,124.115,-23.522,-1.604,4.172,-28.216,-2.951,78.629,22.247,-0.03,0
InF4-,InF4-,InF4-,aq,HB24,BS23,2023-07-07,HKF,cal,-308448.762,-365759.759,-65.994,136.307,-18.585,-2.948,7.667,-8.325,-3.096,110.376,24.731,2.64,-1
InSO4+,InSO4+,InSO4+,aq,HB24,HB24.2,2023-07-07,HKF,cal,-205423,-244287,-26.5,-38.05,-1.65,1.8605,-3.2387,7.023,-2.6451,-10.7845,-7.3551,0.9525,1
In(SO4)2-,In(SO4)2-,In(SO4)2-,aq,HB24,HB24.2,2023-07-07,HKF,cal,-386081,-454875,10,-60.49,32.19,2.2048,-2.8051,6.8526,-2.663,-15.3567,-24.9589,1.4781,-1
InHS+2,InHS+2,InHS+2,aq,HB24,BS23,2023-07-07,HKF,cal,-34864.521,-48901.732,-41.307,57.552,-9.961,-2.464,6.408,1.951,-3.044,55.357,8.689,1.678,2
In(HS)2+,In(HS)2+,In(HS)2+,aq,HB24,BS23,2023-07-07,HKF,cal,-41008.506,-62634.1,-27.954,117.159,18.495,-2.107,5.481,46.584,-3.006,83.771,20.831,0.971,1
